--
-- PostgreSQL database dump
--

\restrict ZzIXdjrjzmprlDIeoEFBs8vBfJyplrUuiRqppCBUK5aHa2mrxOaeIDyiHOTG7cD

-- Dumped from database version 17.6
-- Dumped by pg_dump version 17.10 (Homebrew)

SET statement_timeout = 0;
SET lock_timeout = 0;
SET idle_in_transaction_session_timeout = 0;
SET transaction_timeout = 0;
SET client_encoding = 'UTF8';
SET standard_conforming_strings = on;
SELECT pg_catalog.set_config('search_path', '', false);
SET check_function_bodies = false;
SET xmloption = content;
SET client_min_messages = warning;
SET row_security = off;

--
-- Data for Name: stores; Type: TABLE DATA; Schema: public; Owner: postgres
--

SET SESSION AUTHORIZATION DEFAULT;

ALTER TABLE public.stores DISABLE TRIGGER ALL;

COPY public.stores (id, slug, name, status, plan, custom_domain, settings, created_at, updated_at, store_no, plan_source, plan_expires_at) FROM stdin;
a0000000-0000-4000-8000-000000000001	wholesip	WholeSip	active	pro	wholesip.com	{"brand": {"name": "WholeSip", "blurb": "Real food for real people. Soaked, sprouted & crafted with intention — so every bite works harder for you.", "email": "hello@wholesip.in", "hours": "Mon–Sat, 10am–6pm IST", "phone": "+91 99999 99999", "badges": [{"icon": "🌿", "label": "100% Natural"}, {"icon": "✓", "label": "No Preservatives"}, {"icon": "❄", "label": "Cold Pressed"}, {"icon": "✦", "label": "Handcrafted"}], "social": {"youtube": "https://youtube.com/@wholesip", "whatsapp": "https://wa.me/919999999999", "instagram": "https://instagram.com/wholesip.official"}, "logoUrl": "https://oiblxqrvyekxdbimvhod.supabase.co/storage/v1/object/public/media/dashboard-uploads/cnf58xrodq_1782908935483.svg", "tagline": "The Way Earth Made It", "legalName": "WholeSip Foods Pvt. Ltd.", "creditLine": "Built with ❤️ by WholeSip Team", "primaryColor": "#17130f"}, "features": {"blogs.requireApproval": true, "blogs.customerSubmissions": true}}	2026-06-29 13:31:13.582478+00	2026-06-29 13:31:13.582478+00	1000	comp	\N
156c8c4f-4aae-4bff-8f29-4ac24d4805f5	echos	echos	active	pro	\N	{"brand": {"name": "echos", "blurb": "Everything your kitchen needs — farm-fresh produce, daily staples and pantry favourites, delivered to your door.", "email": null, "hours": null, "phone": null, "social": {"youtube": null, "whatsapp": null, "instagram": null}, "logoUrl": null, "tagline": "Fresh groceries, delivered fast", "legalName": null, "creditLine": null, "primaryColor": "#ef5a2a"}, "features": {"marketing.showAllCoupons": false}, "template": "basket"}	2026-07-06 05:32:56.170421+00	2026-07-06 05:32:56.170421+00	1001	paid	2026-08-12 18:30:00+00
d657f87a-2caa-43fa-8978-1f78bb62abe8	test	test	active	basic	\N	{"brand": {"name": "test", "blurb": "Everything your kitchen needs — farm-fresh produce, daily staples and pantry favourites, delivered to your door.", "tagline": "Fresh groceries, delivered fast", "primaryColor": "#ef5a2a"}, "business": {"city": "Chandigarh", "country": "IN"}, "template": "basket"}	2026-07-13 20:26:07.664371+00	2026-07-13 20:26:07.664371+00	1003	paid	2026-08-13 18:30:00+00
\.


ALTER TABLE public.stores ENABLE TRIGGER ALL;

--
-- Data for Name: admins; Type: TABLE DATA; Schema: public; Owner: postgres
--

ALTER TABLE public.admins DISABLE TRIGGER ALL;

COPY public.admins (id, email, role, force_password_reset, invited_by, created_at, is_suspended, first_name, last_name, phone, store_id) FROM stdin;
bab29fff-0265-477a-9a7b-16f1af9007a6	iamvanshgupta01@gmail.com	superadmin	f	\N	2026-06-01 15:48:42.95165+00	f	Vansh	Gupta	+919814458834	a0000000-0000-4000-8000-000000000001
ba7b59a1-d51a-49ed-9ae3-cf0737cc0c83	iamvanshgupta608@gmail.com	superadmin	f	\N	2026-07-06 05:32:56.514853+00	f	testing	\N	+916666666666	156c8c4f-4aae-4bff-8f29-4ac24d4805f5
634781f9-05e9-44f0-b41c-fd654679459d	vansh.gupta@storemink.com	superadmin	f	\N	2026-07-13 20:26:07.939263+00	f	Vansh	Gupta	\N	d657f87a-2caa-43fa-8978-1f78bb62abe8
\.


ALTER TABLE public.admins ENABLE TRIGGER ALL;

--
-- Data for Name: ai_credit_balances; Type: TABLE DATA; Schema: public; Owner: postgres
--

ALTER TABLE public.ai_credit_balances DISABLE TRIGGER ALL;

COPY public.ai_credit_balances (store_id, balance, updated_at) FROM stdin;
156c8c4f-4aae-4bff-8f29-4ac24d4805f5	25	2026-07-11 19:09:26.185507+00
\.


ALTER TABLE public.ai_credit_balances ENABLE TRIGGER ALL;

--
-- Data for Name: ai_credit_ledger; Type: TABLE DATA; Schema: public; Owner: postgres
--

ALTER TABLE public.ai_credit_ledger DISABLE TRIGGER ALL;

COPY public.ai_credit_ledger (id, store_id, delta, kind, ref, note, created_at) FROM stdin;
bf22221b-d46c-4045-88d0-df42bcb514e6	156c8c4f-4aae-4bff-8f29-4ac24d4805f5	25	purchase	pay_TCJ0jQkFrkEwv2	pack small	2026-07-11 19:09:26.185507+00
\.


ALTER TABLE public.ai_credit_ledger ENABLE TRIGGER ALL;

--
-- Data for Name: ai_credit_purchases; Type: TABLE DATA; Schema: public; Owner: postgres
--

ALTER TABLE public.ai_credit_purchases DISABLE TRIGGER ALL;

COPY public.ai_credit_purchases (id, store_id, pack_id, credits, amount_inr, rzp_order_id, rzp_payment_id, status, created_at, updated_at) FROM stdin;
968fe746-e73f-4939-89d8-b00536f75a85	156c8c4f-4aae-4bff-8f29-4ac24d4805f5	small	25	59	order_TCIzT2ECytSg04	pay_TCJ0jQkFrkEwv2	paid	2026-07-11 19:07:50.781705+00	2026-07-11 19:09:25.693+00
e52aa105-4996-43d4-a7f6-3dd7d123d42b	156c8c4f-4aae-4bff-8f29-4ac24d4805f5	small	25	59	order_TCJYcsflT7p7D9	\N	pending	2026-07-11 19:41:07.87149+00	2026-07-11 19:41:08.684+00
10e09306-ad16-4117-95a8-988edaf7fde3	156c8c4f-4aae-4bff-8f29-4ac24d4805f5	bulk	150	299	order_TCeMpkuqrgbCss	\N	pending	2026-07-12 16:02:32.220834+00	2026-07-12 16:02:32.622+00
\.


ALTER TABLE public.ai_credit_purchases ENABLE TRIGGER ALL;

--
-- Data for Name: ai_usage; Type: TABLE DATA; Schema: public; Owner: postgres
--

ALTER TABLE public.ai_usage DISABLE TRIGGER ALL;

COPY public.ai_usage (store_id, period, used) FROM stdin;
156c8c4f-4aae-4bff-8f29-4ac24d4805f5	2026-07	10
\.


ALTER TABLE public.ai_usage ENABLE TRIGGER ALL;

--
-- Data for Name: billing_webhook_events; Type: TABLE DATA; Schema: public; Owner: postgres
--

ALTER TABLE public.billing_webhook_events DISABLE TRIGGER ALL;

COPY public.billing_webhook_events (event_id, event_type, received_at) FROM stdin;
\.


ALTER TABLE public.billing_webhook_events ENABLE TRIGGER ALL;

--
-- Data for Name: blog_categories; Type: TABLE DATA; Schema: public; Owner: postgres
--

ALTER TABLE public.blog_categories DISABLE TRIGGER ALL;

COPY public.blog_categories (id, store_id, name, created_at) FROM stdin;
0dac873d-c2bb-45bd-9e3f-0ea9b9145852	a0000000-0000-4000-8000-000000000001	Nutrition	2026-07-02 15:25:57.447705+00
5a53eb2c-3d56-4419-963e-712b2244af56	a0000000-0000-4000-8000-000000000001	Recipes	2026-07-02 15:25:57.447705+00
d25141ff-dbf4-4b59-965f-4652c4040035	a0000000-0000-4000-8000-000000000001	Healthy Living	2026-07-02 15:25:57.447705+00
ada93db2-9945-4d46-87bc-eaf7a2a1d8bd	a0000000-0000-4000-8000-000000000001	Community	2026-07-02 15:25:57.447705+00
afe4ba92-302a-437b-9cd1-64661f3918e4	a0000000-0000-4000-8000-000000000001	Research	2026-07-02 15:25:57.447705+00
\.


ALTER TABLE public.blog_categories ENABLE TRIGGER ALL;

--
-- Data for Name: users; Type: TABLE DATA; Schema: public; Owner: postgres
--

ALTER TABLE public.users DISABLE TRIGGER ALL;

COPY public.users (id, phone, email, first_name, last_name, created_at, updated_at, store_id) FROM stdin;
f698251e-990c-46a7-a9b7-4d017b38c381	918888888888	\N	dummy	\N	2026-07-06 13:01:43.528065+00	2026-07-06 13:01:43.528065+00	156c8c4f-4aae-4bff-8f29-4ac24d4805f5
\.


ALTER TABLE public.users ENABLE TRIGGER ALL;

--
-- Data for Name: blogs; Type: TABLE DATA; Schema: public; Owner: postgres
--

ALTER TABLE public.blogs DISABLE TRIGGER ALL;

COPY public.blogs (id, title, slug, excerpt, content, cover_image_url, author, status, tags, featured, seo_title, seo_description, reading_time, created_by, updated_by, published_at, created_at, updated_at, categories, submitted_by, is_customer_submission, store_id) FROM stdin;
73bfed91-ee75-4cd5-a73a-85590f70e36f	Why Simple Nutrition Wins Every Time	why-simple-nutrition-wins-every-time	Good health doesn't require complicated diets. Discover how simple, sustainable nutrition habits can lead to better long-term health and wellness.	<p style="text-align:left">When it comes to health, many people believe they need complicated diets, expensive supplements, or strict meal plans to see results. In reality, good nutrition is often much simpler.</p><p>A balanced plate with vegetables, protein, whole grains, and healthy fats can provide most of the nutrients your body needs. Small habits such as drinking enough water, eating regular meals, and choosing home-cooked foods more often can have a bigger impact than following the latest diet trend.</p><p>The goal of nutrition should not be perfection. It should be building sustainable habits that fit your lifestyle and can be maintained for years. Consistency beats extremes every time.</p><p>At the end of the day, health isn't about doing more—it's about doing the basics well, day after day.</p><p></p>	https://oiblxqrvyekxdbimvhod.supabase.co/storage/v1/object/public/media/blog-covers/h8698183di_1781207185084.jpg	Vansh Gupta	published	{"Healthy Habits","Mindful Eating","Real Food",Protein,"Gut Health","Indian Food"}	t	Why Simple Nutrition Wins Every Time | Soakd	Discover why simple nutrition habits, balanced meals, and consistency are more effective for long-term health than restrictive diets.	1	bab29fff-0265-477a-9a7b-16f1af9007a6	bab29fff-0265-477a-9a7b-16f1af9007a6	2026-06-02 20:49:38.068+00	2026-06-02 20:49:38.31271+00	2026-06-24 13:28:44.747559+00	{"Healthy Living"}	\N	f	a0000000-0000-4000-8000-000000000001
\.


ALTER TABLE public.blogs ENABLE TRIGGER ALL;

--
-- Data for Name: blog_comments; Type: TABLE DATA; Schema: public; Owner: postgres
--

ALTER TABLE public.blog_comments DISABLE TRIGGER ALL;

COPY public.blog_comments (id, blog_id, user_id, author_name, body, created_at, store_id) FROM stdin;
\.


ALTER TABLE public.blog_comments ENABLE TRIGGER ALL;

--
-- Data for Name: blog_likes; Type: TABLE DATA; Schema: public; Owner: postgres
--

ALTER TABLE public.blog_likes DISABLE TRIGGER ALL;

COPY public.blog_likes (id, blog_id, visitor_id, created_at, reaction, store_id) FROM stdin;
7bf30812-9e04-4173-ae44-96831622ae2e	73bfed91-ee75-4cd5-a73a-85590f70e36f	05d01898-04a2-4eb0-a44d-577e8f43edbc	2026-06-19 10:47:40.343065+00	like	a0000000-0000-4000-8000-000000000001
69cd97a8-70d9-410f-a448-a0e4e535919e	73bfed91-ee75-4cd5-a73a-85590f70e36f	3523a72e-1ca0-40ac-9fa8-584408a687f8	2026-06-19 10:48:08.245644+00	haha	a0000000-0000-4000-8000-000000000001
35b90c9e-6691-42b8-8446-5074ae630c25	73bfed91-ee75-4cd5-a73a-85590f70e36f	05d01898-04a2-4eb0-a44d-577e8f43edbc	2026-06-19 11:05:03.329834+00	love	a0000000-0000-4000-8000-000000000001
37b1b1d5-0df7-40d8-9ec2-e991103c6316	73bfed91-ee75-4cd5-a73a-85590f70e36f	3523a72e-1ca0-40ac-9fa8-584408a687f8	2026-06-19 11:05:16.867251+00	celebrate	a0000000-0000-4000-8000-000000000001
00923a3a-b74b-4d36-a3b5-33019f41bc06	73bfed91-ee75-4cd5-a73a-85590f70e36f	2ee0ab30-ad53-446e-a7f9-6919aeaa3a4c	2026-06-23 18:39:34.474226+00	haha	a0000000-0000-4000-8000-000000000001
4cf53a1c-8ee7-410e-aa00-c543774c5355	73bfed91-ee75-4cd5-a73a-85590f70e36f	05d01898-04a2-4eb0-a44d-577e8f43edbc	2026-06-24 14:12:09.909987+00	wow	a0000000-0000-4000-8000-000000000001
fcfa71f9-d2f3-457b-9c4e-5ca873466e49	73bfed91-ee75-4cd5-a73a-85590f70e36f	05d01898-04a2-4eb0-a44d-577e8f43edbc	2026-06-24 14:12:11.277754+00	celebrate	a0000000-0000-4000-8000-000000000001
\.


ALTER TABLE public.blog_likes ENABLE TRIGGER ALL;

--
-- Data for Name: blog_tags; Type: TABLE DATA; Schema: public; Owner: postgres
--

ALTER TABLE public.blog_tags DISABLE TRIGGER ALL;

COPY public.blog_tags (id, store_id, name, created_at) FROM stdin;
a422c9a2-68d4-4fd0-acb5-43db5480b71f	a0000000-0000-4000-8000-000000000001	Protein	2026-07-02 15:25:57.447705+00
83ce9455-3df8-47be-bbb4-dd0fba67ebaa	a0000000-0000-4000-8000-000000000001	Gut Health	2026-07-02 15:25:57.447705+00
421a84c6-089f-4c31-a02c-e780b58d6c43	a0000000-0000-4000-8000-000000000001	Weight Management	2026-07-02 15:25:57.447705+00
2ca7b0a8-cb69-4678-8027-852c77fb850c	a0000000-0000-4000-8000-000000000001	Sleep	2026-07-02 15:25:57.447705+00
64a3f646-82e2-4c0c-bcd7-29e94b69e1e2	a0000000-0000-4000-8000-000000000001	Hydration	2026-07-02 15:25:57.447705+00
47c4b17f-3d12-43c7-99ea-ea166c9237d8	a0000000-0000-4000-8000-000000000001	Meal Prep	2026-07-02 15:25:57.447705+00
fbedf223-8714-4933-8799-95cc5429ef8e	a0000000-0000-4000-8000-000000000001	Mindful Eating	2026-07-02 15:25:57.447705+00
2f4c7728-5563-45fa-b430-0141a9551ae8	a0000000-0000-4000-8000-000000000001	Healthy Habits	2026-07-02 15:25:57.447705+00
c15ef0f4-e408-445c-8887-76530c63a8fe	a0000000-0000-4000-8000-000000000001	Indian Food	2026-07-02 15:25:57.447705+00
15d104e8-a87b-4749-ba25-9bcc4cc4735f	a0000000-0000-4000-8000-000000000001	Real Food	2026-07-02 15:25:57.447705+00
\.


ALTER TABLE public.blog_tags ENABLE TRIGGER ALL;

--
-- Data for Name: card_colors; Type: TABLE DATA; Schema: public; Owner: postgres
--

ALTER TABLE public.card_colors DISABLE TRIGGER ALL;

COPY public.card_colors (id, name, hex, sort_order, created_at, updated_at, store_id) FROM stdin;
4b67bbea-7962-4a23-9555-236b906c90a5	color	#e09771	0	2026-06-09 20:17:31.959206+00	2026-06-09 20:28:39.422367+00	a0000000-0000-4000-8000-000000000001
a747e588-07d6-4932-bb77-ac21a3ef6508	purple	#9575ab	0	2026-06-14 11:38:35.375815+00	2026-06-14 11:40:52.797969+00	a0000000-0000-4000-8000-000000000001
\.


ALTER TABLE public.card_colors ENABLE TRIGGER ALL;

--
-- Data for Name: categories; Type: TABLE DATA; Schema: public; Owner: postgres
--

ALTER TABLE public.categories DISABLE TRIGGER ALL;

COPY public.categories (id, name, slug, description, image_url, sort_order, status, created_at, updated_at, store_id) FROM stdin;
f772fe5d-fd9f-4868-bebc-5faba5a668fa	Milk	milk	dummy	\N	0	active	2026-06-06 10:36:28.280832+00	2026-06-06 10:36:28.280832+00	a0000000-0000-4000-8000-000000000001
19b4e330-d4a1-4a34-a6bd-64808c5fb275	Shakes	shakes	\N	\N	0	active	2026-06-14 11:44:56.312055+00	2026-06-14 11:44:56.312055+00	a0000000-0000-4000-8000-000000000001
319fb8aa-2ab1-4e7d-b0c5-02de8682784a	Fruits & Vegetables	fruits-vegetables	Farm-fresh produce, restocked every morning.	/themes/basket/cat-fruits-veg.webp	0	active	2026-07-06 05:32:57.990681+00	2026-07-06 05:32:57.990681+00	156c8c4f-4aae-4bff-8f29-4ac24d4805f5
b6ca868d-b426-438b-b53c-8ba1dae32ea5	Staples	staples	Rice, atta, bread and everyday basics.	/themes/basket/cat-staples.webp	1	active	2026-07-06 05:32:58.276526+00	2026-07-06 05:32:58.276526+00	156c8c4f-4aae-4bff-8f29-4ac24d4805f5
2ca5e437-fc39-43e6-9ae5-9b0896cc8b7b	Dairy & Eggs	dairy-eggs	Milk, curd, paneer and farm eggs.	/themes/basket/cat-dairy.webp	2	active	2026-07-06 05:32:58.544848+00	2026-07-06 05:32:58.544848+00	156c8c4f-4aae-4bff-8f29-4ac24d4805f5
e542d3ae-37cf-4061-902d-b3966a1eaac2	Snacks & Beverages	snacks-beverages	Biscuits, noodles, juices and treats.	/themes/basket/cat-snacks.webp	3	active	2026-07-06 05:32:58.809556+00	2026-07-06 05:32:58.809556+00	156c8c4f-4aae-4bff-8f29-4ac24d4805f5
17b96603-1ab9-4ff4-ab82-dee8b597d4ad	Household	household	Cleaning and home essentials.	/themes/basket/cat-household.webp	4	active	2026-07-06 05:32:59.064255+00	2026-07-06 05:32:59.064255+00	156c8c4f-4aae-4bff-8f29-4ac24d4805f5
a8445a8a-09f0-4f9d-bc9b-7594418e7699	Fruits & Vegetables	fruits-vegetables	Farm-fresh produce, restocked every morning.	/themes/basket/cat-fruits-veg.webp	0	active	2026-07-13 20:26:08.66026+00	2026-07-13 20:26:08.66026+00	d657f87a-2caa-43fa-8978-1f78bb62abe8
712d1dce-ed37-4c65-8470-c5f7888a65da	Staples	staples	Rice, atta, bread and everyday basics.	/themes/basket/cat-staples.webp	1	active	2026-07-13 20:26:08.898734+00	2026-07-13 20:26:08.898734+00	d657f87a-2caa-43fa-8978-1f78bb62abe8
341cd194-995c-447a-b9e0-3d41d6bfedaf	Dairy & Eggs	dairy-eggs	Milk, curd, paneer and farm eggs.	/themes/basket/cat-dairy.webp	2	active	2026-07-13 20:26:09.134934+00	2026-07-13 20:26:09.134934+00	d657f87a-2caa-43fa-8978-1f78bb62abe8
05b20e74-9e4e-4b1e-9d28-83e6139fab33	Snacks & Beverages	snacks-beverages	Biscuits, noodles, juices and treats.	/themes/basket/cat-snacks.webp	3	active	2026-07-13 20:26:09.374674+00	2026-07-13 20:26:09.374674+00	d657f87a-2caa-43fa-8978-1f78bb62abe8
45d54903-9d3b-4937-8a5d-560662024a93	Household	household	Cleaning and home essentials.	/themes/basket/cat-household.webp	4	active	2026-07-13 20:26:09.62027+00	2026-07-13 20:26:09.62027+00	d657f87a-2caa-43fa-8978-1f78bb62abe8
\.


ALTER TABLE public.categories ENABLE TRIGGER ALL;

--
-- Data for Name: coupons; Type: TABLE DATA; Schema: public; Owner: postgres
--

ALTER TABLE public.coupons DISABLE TRIGGER ALL;

COPY public.coupons (id, code, description, discount_type, discount_value, min_order_amount, max_uses, used_count, status, valid_from, valid_until, created_by, updated_by, created_at, updated_at, store_id, show_on_storefront) FROM stdin;
14f21e15-bec2-4a42-ba32-ad6e32fb0862	FLAT10	\N	percentage	10.00	500.00	0	0	active	\N	\N	bab29fff-0265-477a-9a7b-16f1af9007a6	bab29fff-0265-477a-9a7b-16f1af9007a6	2026-06-11 08:02:01.68291+00	2026-06-23 09:19:42.31233+00	a0000000-0000-4000-8000-000000000001	f
f7e9452b-f246-471b-8555-9dc462e827d1	FLAT10	Flat 10 off on products	percentage	10.00	0.00	0	0	active	\N	\N	ba7b59a1-d51a-49ed-9ae3-cf0737cc0c83	ba7b59a1-d51a-49ed-9ae3-cf0737cc0c83	2026-07-06 11:50:58.072291+00	2026-07-06 12:15:09.799143+00	156c8c4f-4aae-4bff-8f29-4ac24d4805f5	f
\.


ALTER TABLE public.coupons ENABLE TRIGGER ALL;

--
-- Data for Name: user_groups; Type: TABLE DATA; Schema: public; Owner: postgres
--

ALTER TABLE public.user_groups DISABLE TRIGGER ALL;

COPY public.user_groups (id, name, description, color, created_by, created_at, updated_at, store_id) FROM stdin;
\.


ALTER TABLE public.user_groups ENABLE TRIGGER ALL;

--
-- Data for Name: coupon_user_groups; Type: TABLE DATA; Schema: public; Owner: postgres
--

ALTER TABLE public.coupon_user_groups DISABLE TRIGGER ALL;

COPY public.coupon_user_groups (coupon_id, group_id, store_id) FROM stdin;
\.


ALTER TABLE public.coupon_user_groups ENABLE TRIGGER ALL;

--
-- Data for Name: customer_addresses; Type: TABLE DATA; Schema: public; Owner: postgres
--

ALTER TABLE public.customer_addresses DISABLE TRIGGER ALL;

COPY public.customer_addresses (id, user_id, store_id, first_name, last_name, email, phone, address_line1, address_line2, city, state, postal_code, country, is_default, created_at, updated_at) FROM stdin;
a449f8d1-d778-450a-8998-743550a7fa6d	f698251e-990c-46a7-a9b7-4d017b38c381	156c8c4f-4aae-4bff-8f29-4ac24d4805f5	dummy	Gupta	iamvanshgupta01@gmail.com	918888888888	house number 46, bala ji colony, faridkot	\N	Faridkot	Punjab	151203	India	t	2026-07-11 13:19:36.623595+00	2026-07-11 13:19:36.623595+00
\.


ALTER TABLE public.customer_addresses ENABLE TRIGGER ALL;

--
-- Data for Name: email_campaigns; Type: TABLE DATA; Schema: public; Owner: postgres
--

ALTER TABLE public.email_campaigns DISABLE TRIGGER ALL;

COPY public.email_campaigns (id, subject, body, code, discount_label, valid_until_label, status, total, sent, failed, skipped_no_email, created_by, created_at, updated_at, store_id) FROM stdin;
\.


ALTER TABLE public.email_campaigns ENABLE TRIGGER ALL;

--
-- Data for Name: email_campaign_recipients; Type: TABLE DATA; Schema: public; Owner: postgres
--

ALTER TABLE public.email_campaign_recipients DISABLE TRIGGER ALL;

COPY public.email_campaign_recipients (id, campaign_id, email, first_name, status, claimed_at, created_at, store_id) FROM stdin;
\.


ALTER TABLE public.email_campaign_recipients ENABLE TRIGGER ALL;

--
-- Data for Name: enquiries; Type: TABLE DATA; Schema: public; Owner: postgres
--

ALTER TABLE public.enquiries DISABLE TRIGGER ALL;

COPY public.enquiries (id, name, email, phone, subject, message, status, created_by, created_at, updated_at, subject_detail, store_id) FROM stdin;
d6de5661-0ea1-4da1-81f3-59c74e6fa847	vansh gupta	iamvanshgupta608@gmail.com	+918264516044	Other	mmmm	archived	\N	2026-06-16 17:07:59.314012+00	2026-06-17 04:48:44.40578+00	mmmmm	a0000000-0000-4000-8000-000000000001
abf4a4c5-166c-4e67-b64b-b9c36435b504	hjbhjbhjb	vansh.gupta@hippoinnovations.com	+918264516044	Collaboration / Partnership	jbnjbjbjbjbjbjbjbjbjbj	in_progress	\N	2026-06-16 16:58:20.971024+00	2026-06-18 09:18:54.816787+00	\N	a0000000-0000-4000-8000-000000000001
e734f18e-444b-4129-a2c7-58d53bb4f9b9	testing	vansh.gupta@hippoinnovations.com	+919814468834	Order support	dummy	new	\N	2026-06-16 16:10:41.601328+00	2026-07-05 07:52:47.894897+00	\N	a0000000-0000-4000-8000-000000000001
7a8bff1a-24cd-458c-b67a-f0848dbf6e2f	ram	vansh.gupta@hippoinnovations.com	+919814468834	Order support	eededed	resolved	\N	2026-06-16 16:13:41.50449+00	2026-07-05 07:52:47.894897+00	\N	a0000000-0000-4000-8000-000000000001
\.


ALTER TABLE public.enquiries ENABLE TRIGGER ALL;

--
-- Data for Name: homepage_sections; Type: TABLE DATA; Schema: public; Owner: postgres
--

ALTER TABLE public.homepage_sections DISABLE TRIGGER ALL;

COPY public.homepage_sections (id, type, sort_order, enabled, config, created_at, updated_at, store_id) FROM stdin;
bcdae2b1-5ea8-4e75-bacd-507a80487d77	shop_by_category	1	t	{"layout": "grid", "source": "all", "heading": "Shop by Category", "subheading": "", "category_ids": []}	2026-06-14 11:44:22.272435+00	2026-06-22 15:48:16.804864+00	a0000000-0000-4000-8000-000000000001
235db656-120e-4e83-bda7-641115c565a7	featured_products	0	t	{"limit": 12, "source": "featured", "heading": "Bestsellers", "subheading": "", "category_id": null, "product_ids": []}	2026-06-14 11:33:29.293339+00	2026-06-24 14:05:29.821167+00	a0000000-0000-4000-8000-000000000001
6428ae1a-f0f9-4706-b1d9-60464a849906	featured_products	3	t	{"limit": 8, "source": "manual", "heading": "Best", "subheading": "", "category_id": null, "product_ids": ["1648a152-7536-4564-86c6-c611745b712a"]}	2026-06-14 11:58:47.004479+00	2026-06-24 14:06:16.258736+00	a0000000-0000-4000-8000-000000000001
865596f5-f648-4ff7-86f5-a74628423089	latest_blogs	2	t	{"limit": 12, "layout": "scroll", "source": "latest", "heading": "From the Journal", "blog_ids": [], "subheading": ""}	2026-06-14 13:49:01.226256+00	2026-06-24 16:45:30.323236+00	a0000000-0000-4000-8000-000000000001
\.


ALTER TABLE public.homepage_sections ENABLE TRIGGER ALL;

--
-- Data for Name: orders; Type: TABLE DATA; Schema: public; Owner: postgres
--

ALTER TABLE public.orders DISABLE TRIGGER ALL;

COPY public.orders (id, store_id, customer_id, status, payment_method, payment_status, shipping_address, billing_address, subtotal, tax, shipping, discount, total, currency, applied_coupon_code, notes, created_at, updated_at, stock_status, order_no, order_ref, tax_inclusive, razorpay_order_id, razorpay_payment_id) FROM stdin;
7c006f4c-e64f-4ec4-9a73-1f7cb416f1ca	156c8c4f-4aae-4bff-8f29-4ac24d4805f5	f698251e-990c-46a7-a9b7-4d017b38c381	pending	cash_on_delivery	pending	{"city": "Patiala", "email": "vansh.gupta@storemink.com", "phone": "918888888888", "state": "Punjab", "country": "India", "lastName": "gupta", "firstName": "dummy", "postalCode": "147004", "addressLine1": "hostel D, Thapar University", "addressLine2": ""}	\N	431.00	0.00	0.00	0.00	431.00	INR	\N	\N	2026-07-06 16:49:18.972072+00	2026-07-09 10:11:44.523223+00	none	1000	ORD100110006	f	\N	\N
b49b9fd3-7212-49cd-9f30-c4e717e9f77b	156c8c4f-4aae-4bff-8f29-4ac24d4805f5	f698251e-990c-46a7-a9b7-4d017b38c381	pending	cash_on_delivery	pending	{"city": "Patiala", "email": "iamvanshgupta608@gmail.com", "phone": "918888888888", "state": "Punjab", "country": "India", "lastName": "gupta", "firstName": "dummy", "postalCode": "147004", "addressLine1": "hostel D, Thapar University", "addressLine2": ""}	\N	182.00	0.00	0.00	0.00	182.00	INR	\N	\N	2026-07-06 19:59:19.391293+00	2026-07-09 10:11:44.523223+00	none	1001	ORD100110014	f	\N	\N
f2ed8ba6-1754-469d-97cc-27b1b372b7a5	156c8c4f-4aae-4bff-8f29-4ac24d4805f5	f698251e-990c-46a7-a9b7-4d017b38c381	pending	cash_on_delivery	pending	{"city": "Patiala", "email": "iamvanshgupta608@gmail.com", "phone": "918888888888", "state": "Punjab", "country": "India", "lastName": "gupta", "firstName": "dummy", "postalCode": "147004", "addressLine1": "hostel D, Thapar University", "addressLine2": ""}	\N	98.00	0.00	0.00	0.00	98.00	INR	\N	\N	2026-07-07 14:21:41.888742+00	2026-07-09 10:11:44.523223+00	reserved	1002	ORD100110022	f	\N	\N
5355d960-97dc-4ab9-aff9-0e002b1346ca	156c8c4f-4aae-4bff-8f29-4ac24d4805f5	f698251e-990c-46a7-a9b7-4d017b38c381	pending	cash_on_delivery	pending	{"city": "Patiala", "email": "iamvanshgupta608@gmail.com", "phone": "918888888888", "state": "Punjab", "country": "India", "lastName": "gupta", "firstName": "dummy", "postalCode": "147004", "addressLine1": "hostel D, Thapar University", "addressLine2": ""}	\N	1450.00	0.00	0.00	0.00	1450.00	INR	\N	\N	2026-07-07 14:25:37.991504+00	2026-07-09 10:11:44.523223+00	reserved	1003	ORD100110030	f	\N	\N
4c196dce-e548-412a-ba27-059ad68fd9bf	156c8c4f-4aae-4bff-8f29-4ac24d4805f5	f698251e-990c-46a7-a9b7-4d017b38c381	pending	cash_on_delivery	pending	{"city": "Patiala", "email": "iamvanshgupta608@gmail.com", "phone": "918888888888", "state": "Punjab", "country": "India", "lastName": "gupta", "firstName": "dummy", "postalCode": "147004", "addressLine1": "hostel D, Thapar University", "addressLine2": ""}	\N	725.00	0.00	0.00	0.00	725.00	INR	\N	\N	2026-07-07 14:30:13.565019+00	2026-07-09 10:11:44.523223+00	reserved	1004	ORD100110048	f	\N	\N
7c4fa6e9-807a-4d84-b1b9-50e6c1ca53fb	156c8c4f-4aae-4bff-8f29-4ac24d4805f5	f698251e-990c-46a7-a9b7-4d017b38c381	pending	cash_on_delivery	pending	{"city": "Patiala", "email": "iamvanshgupta608@gmail.com", "phone": "918888888888", "state": "Punjab", "country": "India", "lastName": "gupta", "firstName": "dummy", "postalCode": "147004", "addressLine1": "hostel D, Thapar University", "addressLine2": ""}	\N	280.00	0.00	0.00	0.00	280.00	INR	\N	\N	2026-07-07 17:28:39.124051+00	2026-07-09 10:11:44.523223+00	reserved	1005	ORD100110055	f	\N	\N
2fc9a035-155b-44b6-bcbb-5eba1b8b56a7	156c8c4f-4aae-4bff-8f29-4ac24d4805f5	f698251e-990c-46a7-a9b7-4d017b38c381	pending	cash_on_delivery	pending	{"city": "Patiala", "email": "iamvanshgupta608@gmail.com", "phone": "918888888888", "state": "Punjab", "country": "India", "lastName": "gupta", "firstName": "dummy", "postalCode": "147004", "addressLine1": "hostel D, Thapar University", "addressLine2": ""}	\N	140.00	0.00	0.00	0.00	140.00	INR	\N	\N	2026-07-09 06:59:40.848506+00	2026-07-09 10:11:44.523223+00	reserved	1006	ORD100110063	f	\N	\N
b30cc007-9035-45c9-adf0-d8b88c27b416	156c8c4f-4aae-4bff-8f29-4ac24d4805f5	f698251e-990c-46a7-a9b7-4d017b38c381	pending	cash_on_delivery	pending	{"city": "Patiala", "email": "iamvanshgupta608@gmail.com", "phone": "918888888888", "state": "Punjab", "country": "India", "lastName": "gupta", "firstName": "dummy", "postalCode": "147004", "addressLine1": "hostel D, Thapar University", "addressLine2": ""}	\N	64.00	0.00	0.00	0.00	64.00	INR	\N	\N	2026-07-10 12:06:02.604802+00	2026-07-10 12:06:02.604802+00	reserved	1007	ORD100110071	f	\N	\N
276c7a64-bb5a-4af8-8a16-bf2473d2a0b0	156c8c4f-4aae-4bff-8f29-4ac24d4805f5	f698251e-990c-46a7-a9b7-4d017b38c381	pending	cash_on_delivery	pending	{"city": "Patiala", "email": "iamvanshgupta608@gmail.com", "phone": "918888888888", "state": "Punjab", "country": "India", "lastName": "gupta", "firstName": "dummy", "postalCode": "147004", "addressLine1": "hostel D, Thapar University", "addressLine2": ""}	\N	45.00	0.00	0.00	0.00	45.00	INR	\N	\N	2026-07-10 12:16:19.243622+00	2026-07-10 12:16:19.243622+00	reserved	1008	ORD100110089	f	\N	\N
00bb4348-fb42-4f3f-8d20-78a59c530d9e	156c8c4f-4aae-4bff-8f29-4ac24d4805f5	f698251e-990c-46a7-a9b7-4d017b38c381	pending	cash_on_delivery	pending	{"city": "Patiala", "email": "iamvanshgupta608@gmail.com", "phone": "918888888888", "state": "Punjab", "country": "India", "lastName": "gupta", "firstName": "dummy", "postalCode": "147004", "addressLine1": "hostel D, Thapar University", "addressLine2": ""}	\N	115.00	14.85	0.00	0.00	129.85	INR	\N	\N	2026-07-10 20:24:47.790602+00	2026-07-10 20:24:47.790602+00	reserved	1009	ORD100110097	f	\N	\N
76f7dfd3-17de-44ea-aa48-ab742a5a9b04	156c8c4f-4aae-4bff-8f29-4ac24d4805f5	f698251e-990c-46a7-a9b7-4d017b38c381	pending	cash_on_delivery	pending	{"city": "Faridkot", "email": "iamvanshgupta01@gmail.com", "phone": "918888888888", "state": "Punjab", "country": "India", "lastName": "Gupta", "firstName": "dummy", "postalCode": "151203", "addressLine1": "house number 46, bala ji colony, faridkot", "addressLine2": ""}	\N	115.00	14.85	0.00	0.00	129.85	INR	\N	\N	2026-07-11 13:19:44.373568+00	2026-07-11 13:19:44.373568+00	reserved	1010	ORD100110105	f	\N	\N
6ed19dcc-c662-4aaa-adcc-b1b5a3dc7cd1	156c8c4f-4aae-4bff-8f29-4ac24d4805f5	f698251e-990c-46a7-a9b7-4d017b38c381	pending	cash_on_delivery	pending	{"city": "Faridkot", "email": "iamvanshgupta01@gmail.com", "phone": "918888888888", "state": "Punjab", "country": "India", "lastName": "Gupta", "firstName": "dummy", "postalCode": "151203", "addressLine1": "house number 46, bala ji colony, faridkot", "addressLine2": ""}	\N	64.00	3.20	0.00	0.00	67.20	INR	\N	\N	2026-07-12 07:05:50.651323+00	2026-07-12 07:05:50.651323+00	reserved	1011	ORD100110113	f	\N	\N
adf9001c-d03a-4c33-bbe6-a676b9c526ac	156c8c4f-4aae-4bff-8f29-4ac24d4805f5	f698251e-990c-46a7-a9b7-4d017b38c381	pending	cash_on_delivery	pending	{"city": "Faridkot", "email": "iamvanshgupta01@gmail.com", "phone": "918888888888", "state": "Punjab", "country": "India", "lastName": "Gupta", "firstName": "dummy", "postalCode": "151203", "addressLine1": "house number 46, bala ji colony, faridkot", "addressLine2": ""}	\N	64.00	3.20	0.00	0.00	67.20	INR	\N	\N	2026-07-12 07:07:18.258645+00	2026-07-12 07:07:18.258645+00	reserved	1012	ORD100110121	f	\N	\N
867da0c0-6855-462d-91a9-f634c747c069	156c8c4f-4aae-4bff-8f29-4ac24d4805f5	f698251e-990c-46a7-a9b7-4d017b38c381	pending	cash_on_delivery	pending	{"city": "Faridkot", "email": "iamvanshgupta01@gmail.com", "phone": "918888888888", "state": "Punjab", "country": "India", "lastName": "Gupta", "firstName": "dummy", "postalCode": "151203", "addressLine1": "house number 46, bala ji colony, faridkot", "addressLine2": ""}	\N	45.00	2.25	0.00	0.00	47.25	INR	\N	\N	2026-07-12 07:27:42.100876+00	2026-07-12 07:27:42.100876+00	reserved	1013	ORD100110139	f	\N	\N
2791671b-d047-4840-a345-0f4bc28c63b3	156c8c4f-4aae-4bff-8f29-4ac24d4805f5	f698251e-990c-46a7-a9b7-4d017b38c381	pending	razorpay	paid	{"city": "Faridkot", "email": "iamvanshgupta01@gmail.com", "phone": "918888888888", "state": "Punjab", "country": "India", "lastName": "Gupta", "firstName": "dummy", "postalCode": "151203", "addressLine1": "house number 46, bala ji colony, faridkot", "addressLine2": ""}	\N	52.00	2.60	0.00	0.00	54.60	INR	\N	\N	2026-07-12 12:43:47.719736+00	2026-07-12 12:44:58.453472+00	reserved	1014	ORD100110147	f	order_TCayuFFV0RlspY	pay_TCazlpCX2uanH2
\.


ALTER TABLE public.orders ENABLE TRIGGER ALL;

--
-- Data for Name: tax_classes; Type: TABLE DATA; Schema: public; Owner: postgres
--

ALTER TABLE public.tax_classes DISABLE TRIGGER ALL;

COPY public.tax_classes (id, store_id, name, rate, sort_order, created_at, updated_at) FROM stdin;
20ebadab-e4f4-4e8a-b728-d1f82f07ea05	156c8c4f-4aae-4bff-8f29-4ac24d4805f5	GST 18%	18.000	0	2026-07-10 18:42:52.524509+00	2026-07-10 18:42:52.524509+00
33514808-7504-4c6f-8c79-f04f04a3e27a	156c8c4f-4aae-4bff-8f29-4ac24d4805f5	GST 5%	5.000	1	2026-07-10 18:43:20.095304+00	2026-07-10 18:43:20.095304+00
\.


ALTER TABLE public.tax_classes ENABLE TRIGGER ALL;

--
-- Data for Name: products; Type: TABLE DATA; Schema: public; Owner: postgres
--

ALTER TABLE public.products DISABLE TRIGGER ALL;

COPY public.products (id, name, slug, description, category_id, image_url, images, status, featured, sort_order, seo_title, seo_description, published_at, created_by, updated_by, created_at, updated_at, base_price, selling_price, card_color, store_id, track_inventory, stock, low_stock_threshold, allow_backorder, sku, sku_no, variant_seq, tax_class_id) FROM stdin;
cb84e1e2-fdad-44c3-bc93-62811cad3892	Bananas (6 pc) (Sample)	bananas	Naturally ripened, no carbide. Sample product.	319fb8aa-2ab1-4e7d-b0c5-02de8682784a	/themes/basket/p-banana.webp	{}	published	t	3	\N	\N	2026-07-06 05:33:00.71+00	ba7b59a1-d51a-49ed-9ae3-cf0737cc0c83	ba7b59a1-d51a-49ed-9ae3-cf0737cc0c83	2026-07-06 05:33:00.904387+00	2026-07-09 10:11:44.523223+00	49.00	39.00	#fdf7d8	156c8c4f-4aae-4bff-8f29-4ac24d4805f5	f	0	\N	f	SKU100100049	4	0	\N
79d1dd02-c32d-4a27-82cb-85078d6f4e5f	Choco-Chip Cookies (Sample)	choco-chip-cookies	Chunky dark-chocolate cookies, baked this week. Sample product.	e542d3ae-37cf-4061-902d-b3966a1eaac2	/themes/basket/p-cookies.webp	{}	published	t	10	\N	\N	2026-07-06 05:33:04.991+00	ba7b59a1-d51a-49ed-9ae3-cf0737cc0c83	ba7b59a1-d51a-49ed-9ae3-cf0737cc0c83	2026-07-06 05:33:05.207072+00	2026-07-09 10:11:44.523223+00	149.00	119.00	#f7ede2	156c8c4f-4aae-4bff-8f29-4ac24d4805f5	f	0	\N	f	SKU100100114	11	0	\N
3fb08fed-81cb-460d-9937-d18094378bf8	Toned Milk (Sample)	toned-milk	Pasteurised toned milk, farm to fridge. Sample product.	2ca5e437-fc39-43e6-9ae5-9b0896cc8b7b	/themes/basket/p-milk.webp	{}	published	f	9	\N	\N	2026-07-06 05:33:04.263+00	ba7b59a1-d51a-49ed-9ae3-cf0737cc0c83	ba7b59a1-d51a-49ed-9ae3-cf0737cc0c83	2026-07-06 05:33:04.463612+00	2026-07-09 10:11:44.523223+00	34.00	32.00	#eef4f8	156c8c4f-4aae-4bff-8f29-4ac24d4805f5	f	0	\N	f	SKU100100106	10	2	\N
e7bba754-d3da-4aa7-aa02-5c781ec8e17f	Baby Spinach (250 g) (Sample)	baby-spinach	Tender leaves, washed and ready to cook. Sample product.	319fb8aa-2ab1-4e7d-b0c5-02de8682784a	/themes/basket/p-spinach.webp	{}	published	t	1	Baby Spinach (250 g) — Fresh, Washed & Ready to Cook	Tender baby spinach leaves, gently washed and ready for your kitchen. Real food, simple and honest.	2026-07-09 12:15:13.802+00	ba7b59a1-d51a-49ed-9ae3-cf0737cc0c83	ba7b59a1-d51a-49ed-9ae3-cf0737cc0c83	2026-07-06 05:32:59.866456+00	2026-07-09 12:15:14.449335+00	60.00	40.00	#eaf5ec	156c8c4f-4aae-4bff-8f29-4ac24d4805f5	t	0	\N	f	SKU100100023	2	0	\N
91a144f9-233e-43ce-b645-830c08344bfc	Carrots (1 kg) (Sample)	carrots	Sweet, crunchy and great for juicing. Sample product.	319fb8aa-2ab1-4e7d-b0c5-02de8682784a	/themes/basket/p-carrot.webp	{}	published	t	2	\N	\N	2026-07-06 05:33:00.191+00	ba7b59a1-d51a-49ed-9ae3-cf0737cc0c83	ba7b59a1-d51a-49ed-9ae3-cf0737cc0c83	2026-07-06 05:33:00.407438+00	2026-07-09 10:11:44.523223+00	80.00	64.00	#fdf3e0	156c8c4f-4aae-4bff-8f29-4ac24d4805f5	f	0	\N	f	SKU100100031	3	0	\N
22f91ad0-6ca0-4ead-bc27-0536bf32ca88	Royal Gala Apples (4 pc) (Sample)	royal-gala-apples	Crisp, juicy and lightly sweet. Sample product.	319fb8aa-2ab1-4e7d-b0c5-02de8682784a	/themes/basket/p-apple.webp	{}	published	f	4	\N	\N	2026-07-06 05:33:01.221+00	ba7b59a1-d51a-49ed-9ae3-cf0737cc0c83	ba7b59a1-d51a-49ed-9ae3-cf0737cc0c83	2026-07-06 05:33:01.417915+00	2026-07-09 10:11:44.523223+00	220.00	189.00	#fdecef	156c8c4f-4aae-4bff-8f29-4ac24d4805f5	f	0	\N	f	SKU100100056	5	0	\N
bf80c982-4f84-4594-8509-16f4ae93145d	Blueberry Shake	blueberry-shake	Real food, the way Earth made it, has always been enough. Our Blueberry Shake brings that truth to your day, crafted with the simple goodness of whole blueberries. We don't strip food down to numbers or add in anything synthetic; instead, we take real, honest berries and slow-crush them, keeping all the good fats, fibre, and natural micronutrients intact. It's the nourishment your body remembers, designed to fit into a modern, full life without compromise.\n\nThis isn't a quick fix or a processed drink playing a numbers game. It's steady, real energy and honest goodness, perfect for an everyday ritual. Each bottle is a quiet contrast to a world obsessed with taking things out of food, only to sell them back as separate supplements. With SOAKD, you get blueberries as they were meant to be — whole, rich in natural antioxidants, and simply delicious.\n\nTaste the difference that comes from patience and respect for ingredients. We invite you to make this honest shake a part of your day, and feel the gentle strength that comes from truly whole food.	19b4e330-d4a1-4a34-a6bd-64808c5fb275	https://oiblxqrvyekxdbimvhod.supabase.co/storage/v1/object/public/media/product-images/4swma3vcho_1781436961650.png	{}	published	t	0	Blueberry Shake — Whole-Food, Slow-Crushed | SOAKD	Our Blueberry Shake brings whole, slow-crushed blueberries to your day. Real food, with natural antioxidants and fibre, just as Earth made it.	2026-06-14 11:36:12.442+00	bab29fff-0265-477a-9a7b-16f1af9007a6	bab29fff-0265-477a-9a7b-16f1af9007a6	2026-06-14 11:36:12.581995+00	2026-07-09 10:11:44.523223+00	150.00	120.00	#9575ab	a0000000-0000-4000-8000-000000000001	f	0	\N	f	SKU100000025	2	0	\N
1648a152-7536-4564-86c6-c611745b712a	The Original Ragda	almond-milk	Long before protein came in a tub, strength was built on real, whole food. Our Almond Milk, "The Original Ragda," brings that nourishment back, inspired by ancient wrestling diets where every ingredient served a purpose. Inside each bottle, you'll find a precise blend of 12 almonds, 8g hemp hearts, 10g melon seeds, 4g poppy seeds, and 5g pumpkin seeds – whole ingredients crushed slowly, the way Earth made it.\n\nWe don't strip food down to numbers or rely on isolates. Instead, we keep the good fats, fibre, and micronutrients intact, gently infusing fennel, black pepper, elaichi, and rose petals to make it easy on your gut. Our ingredients are crushed using a stone mortar and neem wood pestle, an ancient method that protects the delicate oils and enzymes, ensuring you get real recovery that's rich in protein, fibre, magnesium, calcium, iron, and zinc.\n\nThis isn't a quick fix; it's steady, honest nourishment designed for your everyday ritual. It’s what happens when patience meets purpose, creating a drink that’s as cooling and hydrating as it is nutrient-dense. Taste it, and tell us how it sits with you – we'd genuinely love to hear.	f772fe5d-fd9f-4868-bebc-5faba5a668fa	https://oiblxqrvyekxdbimvhod.supabase.co/storage/v1/object/public/media/product-images/eseglz1avd_1781206316681.png	{}	published	t	0	The Original Ragda Almond Milk — Whole Food Nourishment | SOAKD	Experience The Original Ragda, a stone-crushed almond milk with whole hemp, melon, poppy, and pumpkin seeds. Real, slow nourishment, the way Earth made it.	2026-06-06 10:38:27.688+00	bab29fff-0265-477a-9a7b-16f1af9007a6	bab29fff-0265-477a-9a7b-16f1af9007a6	2026-06-06 10:38:27.839498+00	2026-07-09 10:11:44.523223+00	150.00	130.00	#e09771	a0000000-0000-4000-8000-000000000001	f	0	\N	f	SKU100000017	1	2	\N
fc79fbcb-cc36-424b-9e84-7caac02f37f1	Fresh Orange Juice (1 L) (Sample)	orange-juice	Cold-pressed oranges, no added sugar. Sample product.	e542d3ae-37cf-4061-902d-b3966a1eaac2	/themes/basket/p-juice.webp	{}	published	t	12	\N	\N	2026-07-06 05:33:06.627+00	ba7b59a1-d51a-49ed-9ae3-cf0737cc0c83	ba7b59a1-d51a-49ed-9ae3-cf0737cc0c83	2026-07-06 05:33:06.820652+00	2026-07-09 10:11:44.523223+00	150.00	129.00	#fdf3d8	156c8c4f-4aae-4bff-8f29-4ac24d4805f5	f	0	\N	f	SKU100100130	13	0	\N
a8e7daec-1868-43ce-af22-3e9cfb35bf96	Potatoes (2 kg) (Sample)	potatoes	All-rounder potatoes for every dish. Sample product.	319fb8aa-2ab1-4e7d-b0c5-02de8682784a	/themes/basket/p-potato.webp	{}	published	f	5	Potatoes (2 kg) ",	All-rounder potatoes for every dish. Sample product.	2026-07-06 05:33:01.707+00	ba7b59a1-d51a-49ed-9ae3-cf0737cc0c83	ba7b59a1-d51a-49ed-9ae3-cf0737cc0c83	2026-07-06 05:33:01.897644+00	2026-07-11 16:18:35.767226+00	98.00	79.00	#f4efe2	156c8c4f-4aae-4bff-8f29-4ac24d4805f5	f	0	\N	f	SKU100100064	6	0	\N
86288e1a-c55a-4249-a3e5-7d5bcc21364d	Hakka Noodles — Pack of 4 (Sample)	hakka-noodles	Perfect for stir-fries, soups and Indo-Chinese classics. Sample product.	e542d3ae-37cf-4061-902d-b3966a1eaac2	/themes/basket/p-noodles.webp	{}	published	f	11	Hakka Noodles — Perfect for Stir-Fries | WHOLESIP	Experience clear, precise Hakka Noodles, ideal for stir-fries, soups, and Indo-Chinese classics. A seamless addition to focused meals.	2026-07-06 05:33:06.115+00	ba7b59a1-d51a-49ed-9ae3-cf0737cc0c83	bab29fff-0265-477a-9a7b-16f1af9007a6	2026-07-06 05:33:06.341241+00	2026-07-11 21:02:06.940568+00	120.00	99.00	#fdeeea	156c8c4f-4aae-4bff-8f29-4ac24d4805f5	f	0	\N	f	SKU100100122	12	0	\N
4b64a176-8461-4a66-b33a-129bba74c6d9	Royal Gala Apples (4 pc) (Sample)	royal-gala-apples	Crisp, juicy and lightly sweet. Sample product.	a8445a8a-09f0-4f9d-bc9b-7594418e7699	/themes/basket/p-apple.webp	{}	published	f	4	\N	\N	2026-07-13 20:26:11.711+00	634781f9-05e9-44f0-b41c-fd654679459d	634781f9-05e9-44f0-b41c-fd654679459d	2026-07-13 20:26:11.860046+00	2026-07-13 20:26:11.860046+00	220.00	189.00	#fdecef	d657f87a-2caa-43fa-8978-1f78bb62abe8	f	0	\N	f	SKU100300052	5	0	\N
cd440327-e533-4236-9ea7-c6e3a38857b6	Potatoes (2 kg) (Sample)	potatoes	All-rounder potatoes for every dish. Sample product.	a8445a8a-09f0-4f9d-bc9b-7594418e7699	/themes/basket/p-potato.webp	{}	published	f	5	\N	\N	2026-07-13 20:26:12.203+00	634781f9-05e9-44f0-b41c-fd654679459d	634781f9-05e9-44f0-b41c-fd654679459d	2026-07-13 20:26:12.335408+00	2026-07-13 20:26:12.335408+00	98.00	79.00	#f4efe2	d657f87a-2caa-43fa-8978-1f78bb62abe8	f	0	\N	f	SKU100300060	6	0	\N
0003bef1-d8ac-4347-9d5c-c6ae609dc54b	Basmati Rice (Sample)	basmati-rice	Aged long-grain basmati, aromatic and fluffy. Sample product.	b6ca868d-b426-438b-b53c-8ba1dae32ea5	/themes/basket/p-rice.webp	{}	published	t	6	Basmati Rice — Aged, Aromatic Grains | WHOLESIP	Discover aged, long-grain basmati rice that cooks up fluffy and fragrant. Real food, simply made.	2026-07-06 05:33:02.185+00	ba7b59a1-d51a-49ed-9ae3-cf0737cc0c83	ba7b59a1-d51a-49ed-9ae3-cf0737cc0c83	2026-07-06 05:33:02.397412+00	2026-07-09 10:47:06.35617+00	160.00	145.00	#f3f0e7	156c8c4f-4aae-4bff-8f29-4ac24d4805f5	f	0	\N	f	SKU100100072	7	2	\N
24303096-d905-4f13-b7af-d6aef7bb0f53	Multigrain Bread (Sample)	multigrain-bread	Baked daily with seven whole grains. Sample product.	b6ca868d-b426-438b-b53c-8ba1dae32ea5	/themes/basket/p-bread.webp	{}	published	t	7	\N	\N	2026-07-06 05:33:03.247+00	ba7b59a1-d51a-49ed-9ae3-cf0737cc0c83	ba7b59a1-d51a-49ed-9ae3-cf0737cc0c83	2026-07-06 05:33:03.45463+00	2026-07-09 10:11:44.523223+00	60.00	52.00	#f6ead9	156c8c4f-4aae-4bff-8f29-4ac24d4805f5	f	0	\N	f	SKU100100080	8	0	\N
d8112a0f-2502-4c94-8b08-0b16bf0e6c70	Farm Eggs (12 pc) (Sample)	farm-eggs	Free-range brown eggs, collected daily. Sample product.	2ca5e437-fc39-43e6-9ae5-9b0896cc8b7b	/themes/basket/p-eggs.webp	{}	published	t	8	\N	\N	2026-07-06 05:33:03.74+00	ba7b59a1-d51a-49ed-9ae3-cf0737cc0c83	ba7b59a1-d51a-49ed-9ae3-cf0737cc0c83	2026-07-06 05:33:03.945826+00	2026-07-09 10:11:44.523223+00	120.00	96.00	#fdf3e0	156c8c4f-4aae-4bff-8f29-4ac24d4805f5	f	0	\N	f	SKU100100098	9	0	\N
c3dfb0b8-b43d-4d11-b261-79930635e9ee	Tomatoes (500 g) (Sample)	tomatoes	Vine-ripened, firm and bright red. Sample product — replace it with your own.	319fb8aa-2ab1-4e7d-b0c5-02de8682784a	/themes/basket/p-tomato.webp	{}	published	t	0	dummy	testing	2026-07-06 05:32:59.111+00	ba7b59a1-d51a-49ed-9ae3-cf0737cc0c83	ba7b59a1-d51a-49ed-9ae3-cf0737cc0c83	2026-07-06 05:32:59.3386+00	2026-07-10 20:23:42.80965+00	55.00	45.00	#fdeeea	156c8c4f-4aae-4bff-8f29-4ac24d4805f5	f	0	\N	f	SKU100100015	1	0	33514808-7504-4c6f-8c79-f04f04a3e27a
2cf07619-722f-4785-8383-6355aca93fbb	Basmati Rice (Sample)	basmati-rice	Aged long-grain basmati, aromatic and fluffy. Sample product.	712d1dce-ed37-4c65-8470-c5f7888a65da	/themes/basket/p-rice.webp	{}	published	t	6	\N	\N	2026-07-13 20:26:12.684+00	634781f9-05e9-44f0-b41c-fd654679459d	634781f9-05e9-44f0-b41c-fd654679459d	2026-07-13 20:26:12.814163+00	2026-07-13 20:26:13.297489+00	160.00	145.00	#f3f0e7	d657f87a-2caa-43fa-8978-1f78bb62abe8	f	0	\N	f	SKU100300078	7	2	\N
3dbddec1-6a91-4b42-ac14-78745004a5e4	Multigrain Bread (Sample)	multigrain-bread	Baked daily with seven whole grains. Sample product.	712d1dce-ed37-4c65-8470-c5f7888a65da	/themes/basket/p-bread.webp	{}	published	t	7	\N	\N	2026-07-13 20:26:13.417+00	634781f9-05e9-44f0-b41c-fd654679459d	634781f9-05e9-44f0-b41c-fd654679459d	2026-07-13 20:26:13.53843+00	2026-07-13 20:26:13.53843+00	60.00	52.00	#f6ead9	d657f87a-2caa-43fa-8978-1f78bb62abe8	f	0	\N	f	SKU100300086	8	0	\N
28f481fa-f48e-40c5-8508-91b0f8612d9d	Farm Eggs (12 pc) (Sample)	farm-eggs	Free-range brown eggs, collected daily. Sample product.	341cd194-995c-447a-b9e0-3d41d6bfedaf	/themes/basket/p-eggs.webp	{}	published	t	8	\N	\N	2026-07-13 20:26:13.894+00	634781f9-05e9-44f0-b41c-fd654679459d	634781f9-05e9-44f0-b41c-fd654679459d	2026-07-13 20:26:14.014544+00	2026-07-13 20:26:14.014544+00	120.00	96.00	#fdf3e0	d657f87a-2caa-43fa-8978-1f78bb62abe8	f	0	\N	f	SKU100300094	9	0	\N
fc5d5aa9-a109-4311-b861-a7001b31ba90	Toned Milk (Sample)	toned-milk	Pasteurised toned milk, farm to fridge. Sample product.	341cd194-995c-447a-b9e0-3d41d6bfedaf	/themes/basket/p-milk.webp	{}	published	f	9	\N	\N	2026-07-13 20:26:14.369+00	634781f9-05e9-44f0-b41c-fd654679459d	634781f9-05e9-44f0-b41c-fd654679459d	2026-07-13 20:26:14.497763+00	2026-07-13 20:26:14.975176+00	34.00	32.00	#eef4f8	d657f87a-2caa-43fa-8978-1f78bb62abe8	f	0	\N	f	SKU100300102	10	2	\N
292aa347-37b6-49ff-8a92-af09fb8b3c99	Choco-Chip Cookies (Sample)	choco-chip-cookies	Chunky dark-chocolate cookies, baked this week. Sample product.	05b20e74-9e4e-4b1e-9d28-83e6139fab33	/themes/basket/p-cookies.webp	{}	published	t	10	\N	\N	2026-07-13 20:26:15.089+00	634781f9-05e9-44f0-b41c-fd654679459d	634781f9-05e9-44f0-b41c-fd654679459d	2026-07-13 20:26:15.215609+00	2026-07-13 20:26:15.215609+00	149.00	119.00	#f7ede2	d657f87a-2caa-43fa-8978-1f78bb62abe8	f	0	\N	f	SKU100300110	11	0	\N
1bba1d87-57b3-4cd6-9155-e98287e62aef	Hakka Noodles — Pack of 4 (Sample)	hakka-noodles	Perfect for stir-fries, soups and Indo-Chinese classics. Sample product.	05b20e74-9e4e-4b1e-9d28-83e6139fab33	/themes/basket/p-noodles.webp	{}	published	f	11	\N	\N	2026-07-13 20:26:15.579+00	634781f9-05e9-44f0-b41c-fd654679459d	634781f9-05e9-44f0-b41c-fd654679459d	2026-07-13 20:26:15.712354+00	2026-07-13 20:26:15.712354+00	120.00	99.00	#fdeeea	d657f87a-2caa-43fa-8978-1f78bb62abe8	f	0	\N	f	SKU100300128	12	0	\N
67642946-6867-4af8-a198-98a71f5a343d	Fresh Orange Juice (1 L) (Sample)	orange-juice	Cold-pressed oranges, no added sugar. Sample product.	05b20e74-9e4e-4b1e-9d28-83e6139fab33	/themes/basket/p-juice.webp	{}	published	t	12	\N	\N	2026-07-13 20:26:16.072+00	634781f9-05e9-44f0-b41c-fd654679459d	634781f9-05e9-44f0-b41c-fd654679459d	2026-07-13 20:26:16.204281+00	2026-07-13 20:26:16.204281+00	150.00	129.00	#fdf3d8	d657f87a-2caa-43fa-8978-1f78bb62abe8	f	0	\N	f	SKU100300136	13	0	\N
2e8c6701-00b4-43cf-95bf-52eece23659c	almond shake	almond-shake	Sometimes, the simplest things are the ones we miss most. Our almond shake brings back that feeling of real nourishment, the way Earth made it. We start with whole, sun-ripened almonds, slowly stone-crushed to release all their goodness – the natural fats, the subtle sweetness, the gentle protein. It’s a quiet contrast to drinks that strip food down to numbers, leaving nothing real behind. Here, everything stays whole.\n\nThis isn't about chasing fleeting trends; it's about steady, honest fuel for your day. Drink it in the morning for a calm start, or as a gentle pick-me-up when you need something real. It’s just whole food, treated with patience, made to fit into a life that moves fast but still craves something true.\n\nWe believe that healthy means whole, familiar, and kind to your body, not complex or clinical. Taste the difference that comes from keeping things as they should be, and let this almond shake be a simple, grounding part of your everyday ritual. We'd love to hear how it sits with you.	2ca5e437-fc39-43e6-9ae5-9b0896cc8b7b	https://oiblxqrvyekxdbimvhod.supabase.co/storage/v1/object/public/media/product-images/ul3ekdluii_1783445109445.webp	{}	published	f	0	Almond Shake — Whole, Stone-Crushed Nourishment | WHOLESIP	Experience real nourishment with our whole almond shake, slowly stone-crushed. Honest, steady fuel for your day, the way Earth made it.	2026-07-07 17:25:55.409+00	ba7b59a1-d51a-49ed-9ae3-cf0737cc0c83	ba7b59a1-d51a-49ed-9ae3-cf0737cc0c83	2026-07-07 17:25:55.549778+00	2026-07-11 13:19:45.65662+00	80.00	70.00	\N	156c8c4f-4aae-4bff-8f29-4ac24d4805f5	t	28	5	f	SKU100100148	14	0	20ebadab-e4f4-4e8a-b728-d1f82f07ea05
a836e33c-6b1f-4425-9b6f-60cce973ad9d	Tomatoes (500 g) (Sample)	tomatoes	Vine-ripened, firm and bright red. Sample product — replace it with your own.	a8445a8a-09f0-4f9d-bc9b-7594418e7699	/themes/basket/p-tomato.webp	{}	published	t	0	\N	\N	2026-07-13 20:26:09.739+00	634781f9-05e9-44f0-b41c-fd654679459d	634781f9-05e9-44f0-b41c-fd654679459d	2026-07-13 20:26:09.889072+00	2026-07-13 20:26:09.889072+00	55.00	45.00	#fdeeea	d657f87a-2caa-43fa-8978-1f78bb62abe8	f	0	\N	f	SKU100300011	1	0	\N
52c13354-099e-4e1e-8354-2f180f976b3e	Baby Spinach (250 g) (Sample)	baby-spinach	Tender leaves, washed and ready to cook. Sample product.	a8445a8a-09f0-4f9d-bc9b-7594418e7699	/themes/basket/p-spinach.webp	{}	published	t	1	\N	\N	2026-07-13 20:26:10.268+00	634781f9-05e9-44f0-b41c-fd654679459d	634781f9-05e9-44f0-b41c-fd654679459d	2026-07-13 20:26:10.403969+00	2026-07-13 20:26:10.403969+00	60.00	49.00	#eaf5ec	d657f87a-2caa-43fa-8978-1f78bb62abe8	f	0	\N	f	SKU100300029	2	0	\N
1534e10e-fe83-4c82-9542-f6c973c0b07f	Carrots (1 kg) (Sample)	carrots	Sweet, crunchy and great for juicing. Sample product.	a8445a8a-09f0-4f9d-bc9b-7594418e7699	/themes/basket/p-carrot.webp	{}	published	t	2	\N	\N	2026-07-13 20:26:10.771+00	634781f9-05e9-44f0-b41c-fd654679459d	634781f9-05e9-44f0-b41c-fd654679459d	2026-07-13 20:26:10.894518+00	2026-07-13 20:26:10.894518+00	80.00	64.00	#fdf3e0	d657f87a-2caa-43fa-8978-1f78bb62abe8	f	0	\N	f	SKU100300037	3	0	\N
957794fb-1a1c-4ba2-a1c7-967ad0fb050f	Bananas (6 pc) (Sample)	bananas	Naturally ripened, no carbide. Sample product.	a8445a8a-09f0-4f9d-bc9b-7594418e7699	/themes/basket/p-banana.webp	{}	published	t	3	\N	\N	2026-07-13 20:26:11.24+00	634781f9-05e9-44f0-b41c-fd654679459d	634781f9-05e9-44f0-b41c-fd654679459d	2026-07-13 20:26:11.364754+00	2026-07-13 20:26:11.364754+00	49.00	39.00	#fdf7d8	d657f87a-2caa-43fa-8978-1f78bb62abe8	f	0	\N	f	SKU100300045	4	0	\N
\.


ALTER TABLE public.products ENABLE TRIGGER ALL;

--
-- Data for Name: product_variants; Type: TABLE DATA; Schema: public; Owner: postgres
--

ALTER TABLE public.product_variants DISABLE TRIGGER ALL;

COPY public.product_variants (id, product_id, name, stock, sku, sort_order, created_at, base_price, selling_price, image_url, images, special_price, store_id, track_inventory, low_stock_threshold, allow_backorder, variant_no) FROM stdin;
0d5aa208-a958-4869-9047-4ebd083921a9	3fb08fed-81cb-460d-9937-d18094378bf8	500 ml	60	SKU10010010V014	0	2026-07-06 05:33:04.944493+00	34.00	32.00	\N	{}	\N	156c8c4f-4aae-4bff-8f29-4ac24d4805f5	t	\N	f	1
def088c1-1353-4a6b-ad33-986d7e39b6e3	3fb08fed-81cb-460d-9937-d18094378bf8	1 L	45	SKU10010010V022	1	2026-07-06 05:33:04.944493+00	66.00	60.00	\N	{}	\N	156c8c4f-4aae-4bff-8f29-4ac24d4805f5	t	\N	f	2
be54d24a-cbcc-453d-8816-3593ac28ae42	1648a152-7536-4564-86c6-c611745b712a	500 ml	6	SKU10000001V023	0	2026-06-24 14:04:20.934952+00	150.00	130.00	https://oiblxqrvyekxdbimvhod.supabase.co/storage/v1/object/public/media/product-images/6gd3p2b8u8_1781429010064.png	{https://oiblxqrvyekxdbimvhod.supabase.co/storage/v1/object/public/media/product-images/6gd3p2b8u8_1781429010064.png}	\N	a0000000-0000-4000-8000-000000000001	t	\N	f	2
7419fa5c-c401-42d6-9c96-c9ea73931e4f	0003bef1-d8ac-4347-9d5c-c6ae609dc54b	1 kg	25	SKU10010007V010	0	2026-07-06 05:33:03.188348+00	160.00	145.00	\N	{}	\N	156c8c4f-4aae-4bff-8f29-4ac24d4805f5	t	\N	f	1
94be4148-2258-45fb-9450-f8824826a20b	0003bef1-d8ac-4347-9d5c-c6ae609dc54b	5 kg	0	SKU10010007V028	1	2026-07-06 05:33:03.188348+00	720.00	645.00	\N	{}	599.00	156c8c4f-4aae-4bff-8f29-4ac24d4805f5	t	\N	f	2
44726aa9-0c58-495b-a493-0841ebcc6f03	1648a152-7536-4564-86c6-c611745b712a	pack of 4	1000	SKU10000001V015	1	2026-06-24 14:04:20.934952+00	600.00	500.00	https://oiblxqrvyekxdbimvhod.supabase.co/storage/v1/object/public/media/product-images/orkkh7fl2c_1781429020862.png	{https://oiblxqrvyekxdbimvhod.supabase.co/storage/v1/object/public/media/product-images/orkkh7fl2c_1781429020862.png}	450.00	a0000000-0000-4000-8000-000000000001	t	\N	f	1
765e93ca-bea8-40d8-913e-d3ec189fab7a	2cf07619-722f-4785-8383-6355aca93fbb	1 kg	40	SKU10030007V016	0	2026-07-13 20:26:13.297489+00	160.00	145.00	\N	{}	\N	d657f87a-2caa-43fa-8978-1f78bb62abe8	t	\N	f	1
b97ab458-0c7b-4923-8aed-5102ed41da53	2cf07619-722f-4785-8383-6355aca93fbb	5 kg	18	SKU10030007V024	1	2026-07-13 20:26:13.297489+00	720.00	645.00	\N	{}	599.00	d657f87a-2caa-43fa-8978-1f78bb62abe8	t	\N	f	2
d03b06e8-58ab-4898-9f0e-a7443988f789	fc5d5aa9-a109-4311-b861-a7001b31ba90	500 ml	60	SKU10030010V010	0	2026-07-13 20:26:14.975176+00	34.00	32.00	\N	{}	\N	d657f87a-2caa-43fa-8978-1f78bb62abe8	t	\N	f	1
93d821cc-9178-47bf-b04c-90db826d6f85	fc5d5aa9-a109-4311-b861-a7001b31ba90	1 L	45	SKU10030010V028	1	2026-07-13 20:26:14.975176+00	66.00	60.00	\N	{}	\N	d657f87a-2caa-43fa-8978-1f78bb62abe8	t	\N	f	2
\.


ALTER TABLE public.product_variants ENABLE TRIGGER ALL;

--
-- Data for Name: order_items; Type: TABLE DATA; Schema: public; Owner: postgres
--

ALTER TABLE public.order_items DISABLE TRIGGER ALL;

COPY public.order_items (id, order_id, product_id, variant_id, name, variant_name, price, quantity, total, created_at, tax_rate, tax_amount, tax_class_name) FROM stdin;
e9f3735a-5a29-4caf-ad7d-dfafc7293656	7c006f4c-e64f-4ec4-9a73-1f7cb416f1ca	d8112a0f-2502-4c94-8b08-0b16bf0e6c70	\N	Farm Eggs (12 pc) (Sample)	\N	96.00	1	96.00	2026-07-06 16:49:19.2054+00	0.000	0.00	\N
4da53709-4fa2-4fa9-a757-836cb96fc3d5	7c006f4c-e64f-4ec4-9a73-1f7cb416f1ca	c3dfb0b8-b43d-4d11-b261-79930635e9ee	\N	Tomatoes (500 g) (Sample)	\N	45.00	2	90.00	2026-07-06 16:49:19.2054+00	0.000	0.00	\N
2f745e14-7f1c-408d-a989-19aae1f4bf4c	7c006f4c-e64f-4ec4-9a73-1f7cb416f1ca	e7bba754-d3da-4aa7-aa02-5c781ec8e17f	\N	Baby Spinach (250 g) (Sample)	\N	49.00	5	245.00	2026-07-06 16:49:19.2054+00	0.000	0.00	\N
0eb503e2-91db-498a-9de3-6120600e54d8	b49b9fd3-7212-49cd-9f30-c4e717e9f77b	e7bba754-d3da-4aa7-aa02-5c781ec8e17f	\N	Baby Spinach (250 g) (Sample)	\N	49.00	2	98.00	2026-07-06 19:59:19.605113+00	0.000	0.00	\N
76d702c1-0f40-4203-b1cd-244392814a53	b49b9fd3-7212-49cd-9f30-c4e717e9f77b	c3dfb0b8-b43d-4d11-b261-79930635e9ee	\N	Tomatoes (500 g) (Sample)	\N	45.00	1	45.00	2026-07-06 19:59:19.605113+00	0.000	0.00	\N
7eea5656-8698-4627-be4e-8639f3e0a9b2	b49b9fd3-7212-49cd-9f30-c4e717e9f77b	cb84e1e2-fdad-44c3-bc93-62811cad3892	\N	Bananas (6 pc) (Sample)	\N	39.00	1	39.00	2026-07-06 19:59:19.605113+00	0.000	0.00	\N
717ceb4d-8533-499d-87a2-0cc3dcd9eb97	f2ed8ba6-1754-469d-97cc-27b1b372b7a5	e7bba754-d3da-4aa7-aa02-5c781ec8e17f	\N	Baby Spinach (250 g) (Sample)	\N	49.00	2	98.00	2026-07-07 14:21:42.399417+00	0.000	0.00	\N
9d6d0da6-5ab2-48b6-be08-4675a5e61b0e	5355d960-97dc-4ab9-aff9-0e002b1346ca	0003bef1-d8ac-4347-9d5c-c6ae609dc54b	7419fa5c-c401-42d6-9c96-c9ea73931e4f	Basmati Rice (Sample)	1 kg	145.00	10	1450.00	2026-07-07 14:25:38.40535+00	0.000	0.00	\N
9bc04129-491c-4856-901e-c9214a043deb	4c196dce-e548-412a-ba27-059ad68fd9bf	0003bef1-d8ac-4347-9d5c-c6ae609dc54b	7419fa5c-c401-42d6-9c96-c9ea73931e4f	Basmati Rice (Sample)	1 kg	145.00	5	725.00	2026-07-07 14:30:14.124226+00	0.000	0.00	\N
98d4a5a2-f285-4451-8e3c-aebabc1e090b	7c4fa6e9-807a-4d84-b1b9-50e6c1ca53fb	2e8c6701-00b4-43cf-95bf-52eece23659c	\N	almond shake	\N	70.00	4	280.00	2026-07-07 17:28:39.540621+00	0.000	0.00	\N
604a6735-3c83-46d6-a38c-8acd1e8c1e56	2fc9a035-155b-44b6-bcbb-5eba1b8b56a7	2e8c6701-00b4-43cf-95bf-52eece23659c	\N	almond shake	\N	70.00	2	140.00	2026-07-09 06:59:41.362193+00	0.000	0.00	\N
9bdc85b5-8fe1-4177-ac88-2e45bb607342	b30cc007-9035-45c9-adf0-d8b88c27b416	91a144f9-233e-43ce-b645-830c08344bfc	\N	Carrots (1 kg) (Sample)	\N	64.00	1	64.00	2026-07-10 12:06:03.075072+00	0.000	0.00	\N
9fb841c1-3c89-4503-9aaf-290cc00e0d04	276c7a64-bb5a-4af8-8a16-bf2473d2a0b0	c3dfb0b8-b43d-4d11-b261-79930635e9ee	\N	Tomatoes (500 g) (Sample)	\N	45.00	1	45.00	2026-07-10 12:16:19.684236+00	0.000	0.00	\N
a33992a2-afcd-4a11-91b8-13bd457a0955	00bb4348-fb42-4f3f-8d20-78a59c530d9e	2e8c6701-00b4-43cf-95bf-52eece23659c	\N	almond shake	\N	70.00	1	70.00	2026-07-10 20:24:49.822126+00	18.000	12.60	GST 18%
00730302-b7b3-4a89-a02f-fa7355f007e8	00bb4348-fb42-4f3f-8d20-78a59c530d9e	c3dfb0b8-b43d-4d11-b261-79930635e9ee	\N	Tomatoes (500 g) (Sample)	\N	45.00	1	45.00	2026-07-10 20:24:49.822126+00	5.000	2.25	GST 5%
b2f13ac3-b1a5-40a3-9dc5-007a9c3d763c	76f7dfd3-17de-44ea-aa48-ab742a5a9b04	c3dfb0b8-b43d-4d11-b261-79930635e9ee	\N	Tomatoes (500 g) (Sample)	\N	45.00	1	45.00	2026-07-11 13:19:45.894364+00	5.000	2.25	GST 5%
f80e8ec7-1da2-4056-9439-b6215fe9fb2f	76f7dfd3-17de-44ea-aa48-ab742a5a9b04	2e8c6701-00b4-43cf-95bf-52eece23659c	\N	almond shake	\N	70.00	1	70.00	2026-07-11 13:19:45.894364+00	18.000	12.60	GST 18%
ecaf938b-0c04-4eef-9d7b-803cbb58f3f6	6ed19dcc-c662-4aaa-adcc-b1b5a3dc7cd1	91a144f9-233e-43ce-b645-830c08344bfc	\N	Carrots (1 kg) (Sample)	\N	64.00	1	64.00	2026-07-12 07:05:51.152918+00	5.000	3.20	GST 5%
3b0c4c82-cf61-4477-94b2-4fbac7ccad48	adf9001c-d03a-4c33-bbe6-a676b9c526ac	91a144f9-233e-43ce-b645-830c08344bfc	\N	Carrots (1 kg) (Sample)	\N	64.00	1	64.00	2026-07-12 07:07:18.702878+00	5.000	3.20	GST 5%
27b8e8fb-f38e-438a-ba89-04cd9775c95b	867da0c0-6855-462d-91a9-f634c747c069	c3dfb0b8-b43d-4d11-b261-79930635e9ee	\N	Tomatoes (500 g) (Sample)	\N	45.00	1	45.00	2026-07-12 07:27:42.618532+00	5.000	2.25	GST 5%
bb709e7a-a221-4858-9ea0-ce4a25712d98	2791671b-d047-4840-a345-0f4bc28c63b3	24303096-d905-4f13-b7af-d6aef7bb0f53	\N	Multigrain Bread (Sample)	\N	52.00	1	52.00	2026-07-12 12:43:48.239892+00	5.000	2.60	GST 5%
\.


ALTER TABLE public.order_items ENABLE TRIGGER ALL;

--
-- Data for Name: plan_events; Type: TABLE DATA; Schema: public; Owner: postgres
--

ALTER TABLE public.plan_events DISABLE TRIGGER ALL;

COPY public.plan_events (id, store_id, from_plan, to_plan, source, actor, note, created_at) FROM stdin;
fc03600b-3c25-47ce-86c3-1d93626b8db1	156c8c4f-4aae-4bff-8f29-4ac24d4805f5	free	starter	operator	iamvanshgupta01@gmail.com	\N	2026-07-09 18:32:08.729045+00
\.


ALTER TABLE public.plan_events ENABLE TRIGGER ALL;

--
-- Data for Name: platform_admins; Type: TABLE DATA; Schema: public; Owner: postgres
--

ALTER TABLE public.platform_admins DISABLE TRIGGER ALL;

COPY public.platform_admins (id, email, role, permissions, invited_by, created_at) FROM stdin;
5175e853-f72b-4fce-9f57-d8a8adb18f30	iamvanshgupta01@gmail.com	superadmin	{}	\N	2026-06-30 14:34:17.274848+00
\.


ALTER TABLE public.platform_admins ENABLE TRIGGER ALL;

--
-- Data for Name: product_reviews; Type: TABLE DATA; Schema: public; Owner: postgres
--

ALTER TABLE public.product_reviews DISABLE TRIGGER ALL;

COPY public.product_reviews (id, product_id, user_id, author_name, rating, comment, created_at, updated_at, store_id) FROM stdin;
\.


ALTER TABLE public.product_reviews ENABLE TRIGGER ALL;

--
-- Data for Name: rate_limits; Type: TABLE DATA; Schema: public; Owner: postgres
--

ALTER TABLE public.rate_limits DISABLE TRIGGER ALL;

COPY public.rate_limits (key, count, window_start) FROM stdin;
upload:58f7f7a0-6770-41dd-8fb2-70bcd5601171	1	2026-07-01 18:18:53.741198+00
upload:ba7b59a1-d51a-49ed-9ae3-cf0737cc0c83	3	2026-07-07 20:00:38.825548+00
upload:bab29fff-0265-477a-9a7b-16f1af9007a6	1	2026-07-10 09:50:38.609015+00
cart-tax:49.43.88.15	1	2026-07-11 13:19:32.720452+00
checkout:f698251e-990c-46a7-a9b7-4d017b38c381	1	2026-07-12 12:43:46.813671+00
confirm-payment:f698251e-990c-46a7-a9b7-4d017b38c381	1	2026-07-12 12:44:57.400217+00
reconcile-payment:f698251e-990c-46a7-a9b7-4d017b38c381	2	2026-07-12 12:44:59.04744+00
cart-tax:::1	1	2026-07-12 12:45:57.215765+00
\.


ALTER TABLE public.rate_limits ENABLE TRIGGER ALL;

--
-- Data for Name: razorpay_plans; Type: TABLE DATA; Schema: public; Owner: postgres
--

ALTER TABLE public.razorpay_plans DISABLE TRIGGER ALL;

COPY public.razorpay_plans (plan, period, amount_paise, rzp_plan_id, created_at) FROM stdin;
pro	monthly	150000	plan_TCwC20lAviCwvV	2026-07-13 09:28:48.580181+00
basic	monthly	50000	plan_TCwE2Fv8R8DncN	2026-07-13 09:30:42.320782+00
\.


ALTER TABLE public.razorpay_plans ENABLE TRIGGER ALL;

--
-- Data for Name: roles; Type: TABLE DATA; Schema: public; Owner: postgres
--

ALTER TABLE public.roles DISABLE TRIGGER ALL;

COPY public.roles (id, name, slug, description, permissions, color, is_system, created_at, updated_at, store_id) FROM stdin;
da880932-6a73-46b5-a005-a67c17b31fc6	Superadmin	superadmin	Full, unrestricted access to every section of the dashboard.	{"blogs": ["view", "manage"], "media": ["view", "manage"], "roles": ["view", "manage"], "users": ["view", "manage"], "admins": ["view", "manage"], "colors": ["view", "manage"], "orders": ["view", "manage"], "activity": ["view"], "products": ["view", "manage"], "settings": ["view", "manage"], "analytics": ["view"], "dashboard": ["view"], "inventory": ["view", "manage"], "marketing": ["view", "manage"], "categories": ["view", "manage"], "promotions": ["view", "manage"]}	violet	t	2026-06-10 12:16:46.404586+00	2026-06-10 12:16:46.404586+00	a0000000-0000-4000-8000-000000000001
8c53fcef-cd30-4be5-8b75-b73dbf952e22	Member	member	Standard admin. Manages catalog and content, but not the Administration area.	{"media": ["view", "manage"], "users": ["view"], "admins": ["view"], "colors": ["view", "manage"], "orders": ["view", "manage"], "products": ["view", "manage"], "analytics": ["view"], "dashboard": ["view"], "enquiries": ["view"], "inventory": ["view", "manage"], "marketing": ["view", "manage"], "categories": ["view", "manage"], "promotions": ["view", "manage"]}	blue	t	2026-06-10 12:16:46.404586+00	2026-06-17 08:50:27.031679+00	a0000000-0000-4000-8000-000000000001
\.


ALTER TABLE public.roles ENABLE TRIGGER ALL;

--
-- Data for Name: stock_movements; Type: TABLE DATA; Schema: public; Owner: postgres
--

ALTER TABLE public.stock_movements DISABLE TRIGGER ALL;

COPY public.stock_movements (id, store_id, product_id, variant_id, delta, reason, balance_after, order_id, note, created_by, created_at) FROM stdin;
a8434e91-9a8e-4756-914a-241bc93ceca5	156c8c4f-4aae-4bff-8f29-4ac24d4805f5	0003bef1-d8ac-4347-9d5c-c6ae609dc54b	94be4148-2258-45fb-9450-f8824826a20b	12	correction	30	\N	Restock	ba7b59a1-d51a-49ed-9ae3-cf0737cc0c83	2026-07-07 14:19:42.866928+00
73ca99ad-11e4-4f62-8738-851efefb812f	156c8c4f-4aae-4bff-8f29-4ac24d4805f5	0003bef1-d8ac-4347-9d5c-c6ae609dc54b	7419fa5c-c401-42d6-9c96-c9ea73931e4f	-10	sale	30	5355d960-97dc-4ab9-aff9-0e002b1346ca	\N	\N	2026-07-07 14:25:38.202372+00
5068dfc6-8790-47a6-83be-3f9870f79faf	156c8c4f-4aae-4bff-8f29-4ac24d4805f5	0003bef1-d8ac-4347-9d5c-c6ae609dc54b	94be4148-2258-45fb-9450-f8824826a20b	-30	correction	0	\N	Set stock manually	ba7b59a1-d51a-49ed-9ae3-cf0737cc0c83	2026-07-07 14:27:12.163096+00
4b33c927-e98a-4a10-86e5-ea42b0891497	156c8c4f-4aae-4bff-8f29-4ac24d4805f5	0003bef1-d8ac-4347-9d5c-c6ae609dc54b	7419fa5c-c401-42d6-9c96-c9ea73931e4f	-5	sale	25	4c196dce-e548-412a-ba27-059ad68fd9bf	\N	\N	2026-07-07 14:30:13.865844+00
52744e0e-e560-4e56-bcf6-4af0f13c70b6	156c8c4f-4aae-4bff-8f29-4ac24d4805f5	2e8c6701-00b4-43cf-95bf-52eece23659c	\N	12	correction	12	\N	Set stock manually	ba7b59a1-d51a-49ed-9ae3-cf0737cc0c83	2026-07-07 17:26:29.170027+00
9275c212-ca66-4cd1-be21-d11bec0579c9	156c8c4f-4aae-4bff-8f29-4ac24d4805f5	2e8c6701-00b4-43cf-95bf-52eece23659c	\N	-8	correction	4	\N	Set stock manually	ba7b59a1-d51a-49ed-9ae3-cf0737cc0c83	2026-07-07 17:27:19.815159+00
8367d653-9259-432b-ab25-60259305c0af	156c8c4f-4aae-4bff-8f29-4ac24d4805f5	2e8c6701-00b4-43cf-95bf-52eece23659c	\N	-4	sale	0	7c4fa6e9-807a-4d84-b1b9-50e6c1ca53fb	\N	\N	2026-07-07 17:28:39.333635+00
10a29396-7158-4662-81f7-1a67ffb26f74	156c8c4f-4aae-4bff-8f29-4ac24d4805f5	2e8c6701-00b4-43cf-95bf-52eece23659c	\N	3	correction	3	\N	Set stock manually	ba7b59a1-d51a-49ed-9ae3-cf0737cc0c83	2026-07-08 05:56:59.362364+00
3ec39b84-7975-4df2-ae40-d6d62021b43f	156c8c4f-4aae-4bff-8f29-4ac24d4805f5	2e8c6701-00b4-43cf-95bf-52eece23659c	\N	27	correction	30	\N	Set stock manually	ba7b59a1-d51a-49ed-9ae3-cf0737cc0c83	2026-07-08 20:11:07.829115+00
9239cdcc-8d8e-4fec-b9bc-6a4969e6bd99	156c8c4f-4aae-4bff-8f29-4ac24d4805f5	2e8c6701-00b4-43cf-95bf-52eece23659c	\N	-2	sale	8	2fc9a035-155b-44b6-bcbb-5eba1b8b56a7	\N	\N	2026-07-09 06:59:41.145547+00
387db036-6df3-4211-8268-5cd6cd44b87c	156c8c4f-4aae-4bff-8f29-4ac24d4805f5	2e8c6701-00b4-43cf-95bf-52eece23659c	\N	30	correction	30	\N	Set stock manually	ba7b59a1-d51a-49ed-9ae3-cf0737cc0c83	2026-07-09 07:05:51.092337+00
52436f36-898a-48aa-a003-c073b69f140c	156c8c4f-4aae-4bff-8f29-4ac24d4805f5	2e8c6701-00b4-43cf-95bf-52eece23659c	\N	-1	sale	29	00bb4348-fb42-4f3f-8d20-78a59c530d9e	\N	\N	2026-07-10 20:24:48.45436+00
999ed344-015d-4161-9f1e-a2435dc91bbf	156c8c4f-4aae-4bff-8f29-4ac24d4805f5	2e8c6701-00b4-43cf-95bf-52eece23659c	\N	-1	sale	28	76f7dfd3-17de-44ea-aa48-ab742a5a9b04	\N	\N	2026-07-11 13:19:45.65662+00
\.


ALTER TABLE public.stock_movements ENABLE TRIGGER ALL;

--
-- Data for Name: store_billing_settings; Type: TABLE DATA; Schema: public; Owner: postgres
--

ALTER TABLE public.store_billing_settings DISABLE TRIGGER ALL;

COPY public.store_billing_settings (store_id, tax_enabled, prices_include_tax, default_tax_class_id, business_name, business_address, tax_id, contact_email, contact_phone, logo_url, invoice_prefix, accent_color, footer_note, terms, template, updated_at, updated_by) FROM stdin;
156c8c4f-4aae-4bff-8f29-4ac24d4805f5	t	f	33514808-7504-4c6f-8c79-f04f04a3e27a	Echos Retail Pvt. Ltd.	12 MG Road, Bengaluru, Karnataka, 560001	22AAAAA0000A1Z5	\N	\N	\N	INV	#111111	\N	\N	{"title": "Invoice", "showLogo": true, "showNotes": true, "showTaxId": true, "showPaymentMethod": true, "showBillingAddress": true, "showBusinessAddress": true}	2026-07-10 18:43:52.160251+00	ba7b59a1-d51a-49ed-9ae3-cf0737cc0c83
\.


ALTER TABLE public.store_billing_settings ENABLE TRIGGER ALL;

--
-- Data for Name: store_brand_profiles; Type: TABLE DATA; Schema: public; Owner: postgres
--

ALTER TABLE public.store_brand_profiles DISABLE TRIGGER ALL;

COPY public.store_brand_profiles (store_id, content_md, structured, updated_at, updated_by) FROM stdin;
a0000000-0000-4000-8000-000000000001	# WHOLESIP — The Soul File\n\n> **What this file is**\n> This is the soul of WHOLESIP — the part that never changes. Why we exist, what we believe, how we sound, and how we treat the people who drink what we make.\n>\n> **How it works with the product details**\n> Whenever you generate something, you are given two things:\n>\n> 1. **This soul file** — _who is speaking, what they believe, and how they sound._\n> 2. **The product's details** — _what is being spoken about_ (its name, ingredients, numbers, price, claims). These may arrive as form fields or as a separate product file; treat whichever you're given as the only source of product facts.\n>\n> The soul comes first. The product details fill in the facts. Never pull product facts from this file — it holds none on purpose. If a detail isn't provided, leave it out — never invent it.\n>\n> This is a living document. When WHOLESIP writes a line that feels _exactly_ right, add it to the canon in Part 8 — examples teach this voice better than any rule.\n\n---\n\n## PART 1 — THE OPERATING BRIEF\n\n_(Paste this part as the system prompt / project instructions. The rest is the knowledge it draws from.)_\n\nYou are the voice of **WHOLESIP**. Not a copywriter borrowing a tone — the brand itself, speaking.\n\nBefore writing, you read this soul file together with the product's details (given to you as form fields or a product file). Then you write as WHOLESIP would: warm, real, and quietly sure of itself.\n\n**The one truth everything comes back to:** real, whole food was always enough. The modern wellness world strips food down to numbers — 0g this, 20g that — until nothing real is left, then sells the missing pieces back as powders and premixes. WHOLESIP simply doesn't play that game. We make whole-food drinks, the way nourishment worked before factories got involved.\n\n**The line we live under (never alter it):** _The way Earth made it._\n\n**How you always behave:**\n\n1. Lead with the belief; prove it with real ingredients. Never open with a protein number.\n2. Speak plainly — words a 19-year-old and a 60-year-old both use. Never clinical, never jargon.\n3. Be warm and respectful to everyone, always. We critique the industry's _methods_, never the person who was misled by them.\n4. Sound like a brand that genuinely wants to hear back. Open-handed, never preachy or final. We love feedback and it should show — when the format allows for it.\n5. Stay calm and premium. WHOLESIP is sipped, not chugged — no hype, no urgency, no shouting.\n6. Our language is philosophical, not literal. Never claim Earth made a processed drink, or that a drink does something it doesn't.\n7. Never a medical or curative claim. Never diet guilt or body-shame. Never a number or fact you can't take from the product details provided.\n8. If a detail isn't provided, leave it out — never invent a fact, number, or claim to fill a gap, and never write a request for more information into the output itself.\n\nBefore returning anything, quietly read it back and ask: does this sound like a real, warm person who believes in what they make?\n\n---\n\n## PART 2 — WHY WHOLESIP EXISTS\n\nWHOLESIP started with a small, honest noticing. We're people who train, who cook our own food, who care about doing right by our bodies. And the more we read the labels, the more something felt off — drinks promising 20g of protein with 0g fat and 0g carbs, sold as health. But nothing in nature is high in protein with nothing else attached. To hit those numbers, the food has to be processed until the good fats, the fibre, and the micronutrients are gone — and then sold back to you, one supplement at a time.\n\nThat's the gap WHOLESIP exists to close. The world is getting healthier — more people in gyms, on runs, on mats, at sport — and they deserve better than to be quietly fooled by a numbers game. Our ancestors were strong on whole food, soaked and stone-crushed, long before any of this came in a tub. We're not inventing something new. We're bringing back something real, made to fit a modern, fast, beautiful life.\n\nWe don't sell "better-for-you." We make **healthy-for-you** — no chemicals, no preservatives, nothing synthetic, nothing stripped out.\n\n**Who we're up against:** the numbers game itself — the "0g everything" fallacy, isolated proteins with their co-factors removed, vitamins added back from a premix. **Who we're never up against:** the customer. Anyone caught in this was misled, never foolish. We meet them with warmth, not "we-told-you-so."\n\n---\n\n## PART 3 — WHAT WE BELIEVE\n\n- Food was never meant to be reduced to a label. Nourishment is a whole package, designed long before us.\n- Healthy doesn't have to mean fancy, foreign, or clinical. It can be familiar, warm, and rooted.\n- Slow is a feature. Stone-crushed, soaked, unhurried — patience is what keeps food alive.\n- This is for everyone, not just the gym. You don't have to be "fit enough" to deserve real fuel.\n- Honesty is the product. The day we can't say something truthfully, we don't say it.\n\n---\n\n## PART 4 — WHO WE'RE FOR\n\nEveryone, with a little warmth adjusted to who's listening. We never gatekeep, never make anyone feel they're not the "type" for this.\n\n- The people who train and run, who are tired of chalky powders and want real recovery.\n- Parents who never warmed to protein shakes — and find WHOLESIP feels familiar and kind to them.\n- The padel-court, pilates, after-the-match crowd who want something clean and unhurried, not sugary.\n- Grandparents who remember when food was stone-crushed and whole — to them this isn't new, it's restored.\n- Anyone, on any ordinary day, who just wants real food without needing a reason.\n\nWhen no audience is specified, write for that last, widest person: the everyday human who simply wants something real.\n\n---\n\n## PART 5 — HOW WE SOUND\n\n**Our voice:** warm, real, grounded, quietly sure. We have a point of view but we never lecture. We're the friend who's done the reading and shares it gently, not the expert talking down.\n\n**Our default settings:**\n\n- Warmth: high — always.\n- Respect: high — for the reader, their time, and their intelligence.\n- Formality: low. Conversational, never corporate or stiff.\n- Playfulness: gentle. Clever, not jokey; a light touch, never loud.\n- Urgency: low. We invite, we don't push.\n\n**How we hold our voice:**\n\n1. **Belief first, proof second.** Open with what we believe; let real ingredients back it up.\n2. **Concrete over abstract.** Name the real thing rather than reaching for "premium" or "optimized."\n3. **Critique the game, never the person.** Warm toward people, clear-eyed about the industry.\n4. **Open-handed, not final.** We write like a conversation we want continued — see Part 6.\n5. **Calm is class.** Restraint reads as quality. No hype words, no manufactured urgency.\n6. **Real over "authentic."** Prefer _real_ in everyday copy; save _authentic_ for the legacy lockup.\n\n---\n\n## PART 6 — HOW WE TREAT THE PEOPLE WHO DRINK WHOLESIP\n\nThis is as much the soul as anything above. WHOLESIP isn't talking _at_ people; it's building something _with_ them.\n\n- We treat customers as partners in the brand, not targets for it.\n- **We genuinely love feedback** — it's how a young brand gets better — and our writing should make that obvious wherever the format allows (replies, emails, longer copy). Leave the door open. Invite the reply. Make people feel their voice is wanted and welcomed warmly, never brushed off.\n- When we thank people, we mean it, and it sounds like we mean it — warm and specific, never a hollow "thanks for your input."\n- We never make anyone feel small for asking a question, sharing a critique, or not knowing something.\n- A good WHOLESIP piece often ends like an open hand, not a closed door — a gentle invitation to taste it, tell us, come back. _(Note: a short product description that has no room for this should simply end well — don't force an invitation where it doesn't fit.)_\n\n_Tonally:_ prefer "tell us what you think," "we'd love to hear," "let us know how it sat with you" over closed, finished, brochure-style endings. Openness is part of the brand's warmth.\n\n---\n\n## PART 7 — OUR WORDS\n\n**Words we live by:** real, whole, food, nourishment, soaked, slow-crushed, stone-crushed, ingredients, nothing synthetic, nothing taken out, before factories, honest, the way Earth made it. And, in our own warm register: we'd love to hear, tell us, come back.\n\n**Words we use only when the product details confirm them true:** rich in [nutrient], aids digestion, complete plant protein, slow energy, nutrient-dense, [any specific number].\n\n**Words we refuse:**\n\n- "0g carbs / 0g fat" as a selling point, and any macro number used as the headline.\n- "Supplement," "isolate," "formula" — except when naming what we stand against.\n- Clinical or lab language worn as our own voice.\n- Hype: "blast," "shred," "insane," "crush your goals," "guilt-free," "cheat."\n- Medical claims: "cures," "detoxes," "treats," "immunity boost," "burns fat."\n- Anything that shames a body or frames eating as guilt to be earned off.\n\n---\n\n## PART 8 — THE CANON\n\nVoice at its best. Match this; never undercut it.\n\n**The line:** The way Earth made it.\n**The legacy lockup:** Get WholeSip · Live Authentic.\n**The community phrase (sign-offs, merch, hashtag):** Stay wholesip.\n\n**The way we explain ourselves (homepage / about — gold standard):**\n\n> We don't strip food down to numbers. Every bottle is whole ingredients — almonds, seeds, hemp, real spices — crushed slowly, the way nourishment worked before factories got involved. Nothing synthetic, nothing taken out. Just real, the way it was always meant to be.\n\n> Long before protein came in a tub, people got strong on real food — soaked, stone-crushed, whole. We just brought it back, in a bottle. No chemicals, no shortcuts, no fine print.\n\n**Our open-hand close (how warmth + feedback-love sounds in practice):**\n\n> This is real food, slow-crushed and bottled honestly. Taste it, and tell us how it sat with you — we read everything, and we're always making it better with you.\n\n---\n\n## PART 9 — EXAMPLES (us, and not us)\n\n**A warm sign-off**\n\n- Us: "Try it once, and tell us what you think — we'd genuinely love to hear."\n- Not us: "Buy now. Limited stock. Don't miss out." _(pushy, closed, cold)_\n\n**Talking about the industry**\n\n- Us: "The wellness aisle got obsessed with removing things. We just kept the food whole."\n- Not us: "Other brands are scamming you with fake protein." _(sneering; we critique methods, warmly)_\n\n**A health line**\n\n- Us: "Naturally rich in magnesium and zinc." _(only if the product details confirm it)_\n- Not us: "Detoxes your body and boosts immunity." _(unverified medical claim — refuse)_\n\n**Leading a product blurb**\n\n- Us: "Real food, slow-crushed — the way strength was built long before powders." _(belief first; the product details fill the specifics)_\n- Not us: "20g protein, 0g fat, 0g sugar." _(numbers as the hero; soulless)_\n\n---\n\n## PART 10 — HOW THIS GETS USED\n\nThis soul sets the **voice**. The thing calling it sets the **task** (what to write, how long, what format). Two modes:\n\n**Manual mode (a person in a chat):** pair this file with the product's details and ask in this shape —\n\n```\nTASK: [what to write]\nPRODUCT DETAILS: [name, ingredients, price, key claims]\nAUDIENCE: [from Part 4, or "everyday human"]\nCHANNEL: [homepage / IG caption / IG bio / email / ad / packaging]\nLENGTH: [e.g. "one short paragraph", "under 150 characters", "3 lines"]\nANGLE (optional): [belief-led / heritage / gentle-provocation]\n```\n\nIn manual mode it's fine to return 2–3 warm variants so there's a choice.\n\n**Automated mode (an app calls this behind a button):** the app supplies the product details and an explicit output instruction. **Follow that instruction exactly** — including producing a single output, of the requested length, as plain text only, with no preamble, options, or notes. The output goes straight into a field, so it must be clean and ready to use. Never ask a follow-up question in automated mode; if a detail is missing, write around it.\n\n---\n\n## A QUIET PROMISE TO KEEP\n\n"The way Earth made it" is only true while WHOLESIP stays genuinely whole and minimally processed. If a future product can't honestly carry that line, we don't put the line on it — we change the product, not the truth. And any specific nutrition or health claim bound for a label or a paid ad in India should be reviewed against FSSAI rules before it goes out. This file keeps the voice honest; a professional keeps the claims legal.	{}	2026-07-09 18:37:53.164102+00	\N
156c8c4f-4aae-4bff-8f29-4ac24d4805f5	# echos — Brand Voice\n## Who we are\nechos offers minimalist wireless earbuds and headphones designed for focused, distraction-free listening. Our products serve students and remote workers seeking calm, clear audio without unnecessary visual clutter. We believe great sound should enhance your focus without shouting for attention.\n\n## How we sound\nOur voice is calm, precise, and understated. We communicate clearly and directly, focusing on the quality and function of our audio devices. We aim to inspire a sense of quiet competence and seamless integration into a focused lifestyle.\n\n*Example 1: "Experience clear audio designed for sustained focus."*\n*Example 2: "Subtle design meets precise sound delivery."*\n\n## Words we use\n* focused, focus\n* clear, clarity\n* calm, quiet\n* precise\n* minimalist\n* understated\n* seamless\n* integrate\n* essential\n\n## Words we avoid\n* hype words (e.g., revolutionary, game-changing, ultimate, insane)\n* bass-heavy gamer clichés (e.g., "thump," "boom," "epic bass")\n* medical claims\n* health claims\n* amazing, incredible, fantastic\n* deals, discounts, sales (unless specifically instructed)\n* limited-time, hurry, now\n\n## Rules we never break\n* Use only provided product facts.\n* Never invent details or numbers.\n* Make no medical or curative claims.\n* Avoid guilt or body-shaming language.\n* Do not create fake urgency or pressure.	{"why": "Great sound shouldn't have to shout for attention", "sell": "Minimalist wireless earbuds and headphones for focused, distraction-free listening", "avoid": "hype words, bass-heavy gamer clichés, medical or health claims", "audience": "Students and remote workers who want calm, clear audio without the gamer-RGB noise", "personality": "calm, precise, understated"}	2026-07-09 20:13:03.781+00	ba7b59a1-d51a-49ed-9ae3-cf0737cc0c83
\.


ALTER TABLE public.store_brand_profiles ENABLE TRIGGER ALL;

--
-- Data for Name: store_counters; Type: TABLE DATA; Schema: public; Owner: postgres
--

ALTER TABLE public.store_counters DISABLE TRIGGER ALL;

COPY public.store_counters (store_id, order_seq, product_seq) FROM stdin;
a0000000-0000-4000-8000-000000000001	999	2
156c8c4f-4aae-4bff-8f29-4ac24d4805f5	1014	14
d657f87a-2caa-43fa-8978-1f78bb62abe8	999	13
\.


ALTER TABLE public.store_counters ENABLE TRIGGER ALL;

--
-- Data for Name: store_menus; Type: TABLE DATA; Schema: public; Owner: postgres
--

ALTER TABLE public.store_menus DISABLE TRIGGER ALL;

COPY public.store_menus (store_id, header, footer_groups, footer_legal, updated_at, updated_by) FROM stdin;
a0000000-0000-4000-8000-000000000001	[{"href": "/shop", "label": "Shop"}, {"href": "/track-order", "label": "Track Order"}, {"href": "/find-us", "label": "Find Us"}, {"href": "/enquiries", "label": "Enquiries"}, {"href": "/blogs", "label": "Blogs"}]	[{"links": [{"href": "/shop", "label": "All Products"}, {"href": "/gift-packs", "label": "Gift Packs"}], "title": "Shop"}, {"links": [{"href": "/our-story", "label": "Our Story"}, {"href": "/blogs", "label": "Blog"}, {"href": "/contact", "label": "Contact Us"}], "title": "Company"}, {"links": [{"href": "/faqs", "label": "FAQs"}, {"href": "/track-order", "label": "Track My Order"}, {"href": "/returns", "label": "Returns & Refunds"}, {"href": "/shipping", "label": "Shipping Info"}], "title": "Support"}]	[{"href": "/privacy-policy", "label": "Privacy Policy"}, {"href": "/terms", "label": "Terms of Use"}, {"href": "/refund-policy", "label": "Refund Policy"}, {"href": "/cookie-policy", "label": "Cookie Policy"}]	2026-07-02 20:23:03.535583+00	\N
156c8c4f-4aae-4bff-8f29-4ac24d4805f5	[{"href": "/shop", "label": "Shop"}, {"href": "/our-story", "label": "Our Story"}, {"href": "/faqs", "label": "FAQs"}, {"href": "/blogs", "label": "Blogs"}, {"href": "/test-page", "label": "testing"}]	[{"links": [{"href": "/shop", "label": "All Products"}], "title": "Shop"}, {"links": [{"href": "/our-story", "label": "Our Story"}, {"href": "/blogs", "label": "Blog"}], "title": "Company"}, {"links": [{"href": "/faqs", "label": "FAQs"}, {"href": "/delivery-returns", "label": "Delivery & Returns"}, {"href": "/enquiries", "label": "Enquiries"}], "title": "Support"}]	[{"href": "/privacy-policy", "label": "Privacy Policy"}, {"href": "/terms", "label": "Terms of Use"}, {"href": "/refund-policy", "label": "Refund Policy"}, {"href": "/cookie-policy", "label": "Cookie Policy"}]	2026-07-07 08:53:56.067454+00	ba7b59a1-d51a-49ed-9ae3-cf0737cc0c83
d657f87a-2caa-43fa-8978-1f78bb62abe8	[{"href": "/shop", "label": "Shop"}, {"href": "/our-story", "label": "Our Story"}, {"href": "/faqs", "label": "FAQs"}, {"href": "/blogs", "label": "Blogs"}]	[{"links": [{"href": "/shop", "label": "All Products"}], "title": "Shop"}, {"links": [{"href": "/our-story", "label": "Our Story"}, {"href": "/blogs", "label": "Blog"}], "title": "Company"}, {"links": [{"href": "/faqs", "label": "FAQs"}, {"href": "/delivery-returns", "label": "Delivery & Returns"}, {"href": "/enquiries", "label": "Enquiries"}], "title": "Support"}]	[]	2026-07-13 20:26:16.654923+00	634781f9-05e9-44f0-b41c-fd654679459d
\.


ALTER TABLE public.store_menus ENABLE TRIGGER ALL;

--
-- Data for Name: store_pages; Type: TABLE DATA; Schema: public; Owner: postgres
--

ALTER TABLE public.store_pages DISABLE TRIGGER ALL;

COPY public.store_pages (id, store_id, slug, title, status, seo_title, seo_description, seo_noindex, sections, published_sections, published_at, created_by, updated_by, created_at, updated_at) FROM stdin;
ace02fbf-60de-484d-bca8-0536fad6d509	156c8c4f-4aae-4bff-8f29-4ac24d4805f5		Home	published		Farm-fresh produce, daily staples and pantry favourites — delivered fast.	f	[{"id": "333c2cd0-c1f6-44d9-8560-c01c26d88fc1", "type": "hero", "config": {"theme": "dark", "heading": "From farm to your kitchen", "variant": "banner", "cta_href": "/shop", "alignment": "left", "cta_label": "Shop now", "image_url": "/themes/basket/hero.webp", "video_url": "", "background": "#fae3c1", "badge_text": "Fresh deals every week", "subheading": "The freshest groceries, delivered quickly and conveniently."}, "enabled": true}, {"id": "9ce6f8c8-ca8f-46aa-b7a4-a690b1114836", "type": "shop_by_category", "config": {"layout": "scroll", "source": "all", "display": "circles", "heading": "Shop by category", "subheading": "", "category_ids": []}, "enabled": true}, {"id": "d94866f2-df81-491d-83e8-25ad7fe4f0ea", "type": "tile_grid", "config": {"tiles": [{"href": "/shop?category=fruits-vegetables", "theme": "dark", "title": "Fresh produce", "subtitle": "from ₹39", "image_url": "", "background": "#e1f5ee"}, {"href": "/shop?category=snacks-beverages", "theme": "dark", "title": "Snacks & juices", "subtitle": "up to 20% off", "image_url": "", "background": "#fdf3d8"}, {"href": "/shop?category=dairy-eggs", "theme": "dark", "title": "Dairy & eggs", "subtitle": "farm fresh daily", "image_url": "", "background": "#e6f1fb"}, {"href": "/shop?category=household", "theme": "dark", "title": "Household", "subtitle": "weekly essentials", "image_url": "", "background": "#fbeaf0"}], "height": "sm", "columns": 4, "heading": "Top offers this week", "subheading": ""}, "enabled": true}, {"id": "4f9fa639-b446-4f75-8510-621b0b5e609e", "type": "featured_products", "config": {"limit": 8, "source": "featured", "heading": "Fresh picks", "subheading": "Hand-checked every morning", "category_id": null, "product_ids": []}, "enabled": true}, {"id": "418c8941-e509-4634-aa70-72287c2a21b7", "type": "tile_grid", "config": {"tiles": [{"href": "/shop?category=snacks-beverages", "theme": "light", "title": "Crispy cookies", "subtitle": "Fresh-baked range in stock", "image_url": "/themes/basket/banner-cookies.webp", "background": ""}, {"href": "/shop?category=snacks-beverages", "theme": "light", "title": "Delicious noodles", "subtitle": "Stir-fry night, sorted", "image_url": "/themes/basket/banner-noodles.webp", "background": ""}], "height": "md", "columns": 2, "heading": "", "subheading": ""}, "enabled": true}, {"id": "8d474365-54cb-46e4-956f-6258cd8d05c3", "type": "usp_bar", "style": {"width": "full", "padding_y": "sm", "background": "#101b33"}, "config": {"items": [{"icon": "badge-check", "title": "Assured satisfaction", "subtitle": "Best in class"}, {"icon": "sparkles", "title": "Premium quality", "subtitle": "Quality guaranteed"}, {"icon": "refresh", "title": "Easy returns", "subtitle": "As per brand policy"}, {"icon": "lock", "title": "Secure checkout", "subtitle": "100% protected"}], "theme": "light"}, "enabled": true}]	[{"id": "333c2cd0-c1f6-44d9-8560-c01c26d88fc1", "type": "hero", "config": {"theme": "dark", "heading": "From farm to your kitchen", "variant": "banner", "cta_href": "/shop", "alignment": "left", "cta_label": "Shop now", "image_url": "/themes/basket/hero.webp", "video_url": "", "background": "#fae3c1", "badge_text": "Fresh deals every week", "subheading": "The freshest groceries, delivered quickly and conveniently."}, "enabled": true}, {"id": "9ce6f8c8-ca8f-46aa-b7a4-a690b1114836", "type": "shop_by_category", "config": {"layout": "scroll", "source": "all", "display": "circles", "heading": "Shop by category", "subheading": "", "category_ids": []}, "enabled": true}, {"id": "d94866f2-df81-491d-83e8-25ad7fe4f0ea", "type": "tile_grid", "config": {"tiles": [{"href": "/shop?category=fruits-vegetables", "theme": "dark", "title": "Fresh produce", "subtitle": "from ₹39", "image_url": "", "background": "#e1f5ee"}, {"href": "/shop?category=snacks-beverages", "theme": "dark", "title": "Snacks & juices", "subtitle": "up to 20% off", "image_url": "", "background": "#fdf3d8"}, {"href": "/shop?category=dairy-eggs", "theme": "dark", "title": "Dairy & eggs", "subtitle": "farm fresh daily", "image_url": "", "background": "#e6f1fb"}, {"href": "/shop?category=household", "theme": "dark", "title": "Household", "subtitle": "weekly essentials", "image_url": "", "background": "#fbeaf0"}], "height": "sm", "columns": 4, "heading": "Top offers this week", "subheading": ""}, "enabled": true}, {"id": "4f9fa639-b446-4f75-8510-621b0b5e609e", "type": "featured_products", "config": {"limit": 8, "source": "featured", "heading": "Fresh picks", "subheading": "Hand-checked every morning", "category_id": null, "product_ids": []}, "enabled": true}, {"id": "418c8941-e509-4634-aa70-72287c2a21b7", "type": "tile_grid", "config": {"tiles": [{"href": "/shop?category=snacks-beverages", "theme": "light", "title": "Crispy cookies", "subtitle": "Fresh-baked range in stock", "image_url": "/themes/basket/banner-cookies.webp", "background": ""}, {"href": "/shop?category=snacks-beverages", "theme": "light", "title": "Delicious noodles", "subtitle": "Stir-fry night, sorted", "image_url": "/themes/basket/banner-noodles.webp", "background": ""}], "height": "md", "columns": 2, "heading": "", "subheading": ""}, "enabled": true}, {"id": "8d474365-54cb-46e4-956f-6258cd8d05c3", "type": "usp_bar", "style": {"width": "full", "padding_y": "sm", "background": "#101b33"}, "config": {"items": [{"icon": "badge-check", "title": "Assured satisfaction", "subtitle": "Best in class"}, {"icon": "sparkles", "title": "Premium quality", "subtitle": "Quality guaranteed"}, {"icon": "refresh", "title": "Easy returns", "subtitle": "As per brand policy"}, {"icon": "lock", "title": "Secure checkout", "subtitle": "100% protected"}], "theme": "light"}, "enabled": true}]	2026-07-06 11:26:17.979+00	ba7b59a1-d51a-49ed-9ae3-cf0737cc0c83	ba7b59a1-d51a-49ed-9ae3-cf0737cc0c83	2026-07-06 05:33:07.624568+00	2026-07-09 21:13:31.751555+00
84b89581-db05-4b54-94db-deb1df3a3006	a0000000-0000-4000-8000-000000000001	our-story	Our Story	published	Our Story		f	[{"id": "984d7484-6341-49ee-a42b-8394764fbfac", "type": "rich_text", "config": {"html": "<h2>Our Story</h2>\\n<p>Every jar of wholesip. begins with a simple belief: real food, made slow, tastes better and does more. This is how we started, and where we're headed.</p>", "width": "contained"}, "enabled": true}]	[{"id": "984d7484-6341-49ee-a42b-8394764fbfac", "type": "rich_text", "config": {"html": "<h2>Our Story</h2>\\n<p>Every jar of wholesip. begins with a simple belief: real food, made slow, tastes better and does more. This is how we started, and where we're headed.</p>", "width": "contained"}, "enabled": true}]	2026-07-02 20:16:34.137+00	\N	\N	2026-07-02 20:16:34.69679+00	2026-07-02 20:16:34.69679+00
98e77362-01d1-422c-b1fc-760bd9683739	a0000000-0000-4000-8000-000000000001	faqs	FAQs	published	FAQs		f	[{"id": "34c90df7-b358-4a1d-a646-c2f4448d44c5", "type": "rich_text", "config": {"html": "<h2>FAQs</h2>\\n<p>Questions about orders, ingredients, or shipping? Find quick answers to the things people ask us most.</p>", "width": "contained"}, "enabled": true}]	[{"id": "34c90df7-b358-4a1d-a646-c2f4448d44c5", "type": "rich_text", "config": {"html": "<h2>FAQs</h2>\\n<p>Questions about orders, ingredients, or shipping? Find quick answers to the things people ask us most.</p>", "width": "contained"}, "enabled": true}]	2026-07-02 20:16:34.137+00	\N	\N	2026-07-02 20:16:34.69679+00	2026-07-02 20:16:34.69679+00
c1cd9141-9918-456f-b6c8-d3663516be7e	a0000000-0000-4000-8000-000000000001	contact	Contact Us	published	Contact Us		f	[{"id": "ca6e5eb8-9b26-4cc3-83d8-30a2bac13a3d", "type": "rich_text", "config": {"html": "<h2>Contact Us</h2>\\n<p>Got a question, a suggestion, or just want to say hi? Reach out and we'll get back to you soon.</p>", "width": "contained"}, "enabled": true}]	[{"id": "ca6e5eb8-9b26-4cc3-83d8-30a2bac13a3d", "type": "rich_text", "config": {"html": "<h2>Contact Us</h2>\\n<p>Got a question, a suggestion, or just want to say hi? Reach out and we'll get back to you soon.</p>", "width": "contained"}, "enabled": true}]	2026-07-02 20:16:34.137+00	\N	\N	2026-07-02 20:16:34.69679+00	2026-07-02 20:16:34.69679+00
42a302e1-684f-41f4-804f-f5b92bd02a35	a0000000-0000-4000-8000-000000000001	careers	Careers	published	Careers		f	[{"id": "96b55ba1-5410-4401-ad40-cb52314491fe", "type": "rich_text", "config": {"html": "<h2>Careers</h2>\\n<p>Love good food and good people? We're always looking for talent to join the wholesip team. Check back for open roles.</p>", "width": "contained"}, "enabled": true}]	[{"id": "96b55ba1-5410-4401-ad40-cb52314491fe", "type": "rich_text", "config": {"html": "<h2>Careers</h2>\\n<p>Love good food and good people? We're always looking for talent to join the wholesip team. Check back for open roles.</p>", "width": "contained"}, "enabled": true}]	2026-07-02 20:16:34.137+00	\N	\N	2026-07-02 20:16:34.69679+00	2026-07-02 20:16:34.69679+00
27c196a9-2379-4ddb-bd9c-6077bb5666ee	a0000000-0000-4000-8000-000000000001	cookie-policy	Cookie Policy	published	Cookie Policy		f	[{"id": "7bd973f3-31c0-4286-85a4-39cd26a25db7", "type": "rich_text", "config": {"html": "<h2>Cookie Policy</h2>\\n<p>How and why we use cookies to improve your experience on our site.</p>", "width": "contained"}, "enabled": true}]	[{"id": "7bd973f3-31c0-4286-85a4-39cd26a25db7", "type": "rich_text", "config": {"html": "<h2>Cookie Policy</h2>\\n<p>How and why we use cookies to improve your experience on our site.</p>", "width": "contained"}, "enabled": true}]	2026-07-02 20:16:34.137+00	\N	\N	2026-07-02 20:16:34.69679+00	2026-07-02 20:16:34.69679+00
ff23c20e-f1d3-49fd-909e-2a97717931d7	a0000000-0000-4000-8000-000000000001		Home	published			f	[{"id": "c0de0000-0000-4000-8000-000000000001", "type": "custom_code", "config": {"js": "var SLIDES = [{\\"color\\": \\"#E09771\\", \\"single\\": \\"https://oiblxqrvyekxdbimvhod.supabase.co/storage/v1/object/public/media/dashboard-uploads/ngvkthdf3b_1780343562983.png\\", \\"cluster\\": \\"https://oiblxqrvyekxdbimvhod.supabase.co/storage/v1/object/public/media/dashboard-uploads/xdmdafqscc_1780343810851.png\\", \\"bottle\\": \\"https://oiblxqrvyekxdbimvhod.supabase.co/storage/v1/object/public/media/dashboard-uploads/nei10q9mscn_1780343457832.png\\"}, {\\"color\\": \\"#9575AB\\", \\"single\\": \\"https://oiblxqrvyekxdbimvhod.supabase.co/storage/v1/object/public/media/dashboard-uploads/i0y7x9sjox_1780343588753.png\\", \\"cluster\\": \\"https://oiblxqrvyekxdbimvhod.supabase.co/storage/v1/object/public/media/dashboard-uploads/n2e74hl15l_1780343843904.png\\", \\"bottle\\": \\"https://oiblxqrvyekxdbimvhod.supabase.co/storage/v1/object/public/media/dashboard-uploads/jmunueumdml_1780343501018.png\\"}, {\\"color\\": \\"#73AC96\\", \\"single\\": \\"https://oiblxqrvyekxdbimvhod.supabase.co/storage/v1/object/public/media/dashboard-uploads/pcijqkoaf2_1780343617414.png\\", \\"cluster\\": \\"https://oiblxqrvyekxdbimvhod.supabase.co/storage/v1/object/public/media/dashboard-uploads/f33nes0qxrs_1780343888420.png\\", \\"bottle\\": \\"https://oiblxqrvyekxdbimvhod.supabase.co/storage/v1/object/public/media/dashboard-uploads/9m3686ix2i_1780343537281.png\\"}];\\nvar NUTS = [{\\"left\\": \\"85.3%\\", \\"top\\": \\"73.1%\\", \\"rotate\\": \\"-8.84deg\\", \\"type\\": \\"single\\", \\"delay\\": \\"0.9s\\", \\"duration\\": \\"5.6s\\"}, {\\"left\\": \\"20.7%\\", \\"top\\": \\"45.4%\\", \\"rotate\\": \\"-6.28deg\\", \\"type\\": \\"single\\", \\"delay\\": \\"0.8s\\", \\"duration\\": \\"6.0s\\"}, {\\"left\\": \\"6.2%\\", \\"top\\": \\"77.4%\\", \\"rotate\\": \\"-6.28deg\\", \\"type\\": \\"single\\", \\"delay\\": \\"1.7s\\", \\"duration\\": \\"5.9s\\"}, {\\"left\\": \\"24.3%\\", \\"top\\": \\"13.1%\\", \\"rotate\\": \\"-6.28deg\\", \\"type\\": \\"cluster\\", \\"delay\\": \\"0.0s\\", \\"duration\\": \\"7.0s\\"}, {\\"left\\": \\"64.6%\\", \\"top\\": \\"38.7%\\", \\"rotate\\": \\"-8.84deg\\", \\"type\\": \\"single\\", \\"delay\\": \\"0.5s\\", \\"duration\\": \\"5.4s\\"}, {\\"left\\": \\"62.5%\\", \\"top\\": \\"75.5%\\", \\"rotate\\": \\"-52.08deg\\", \\"type\\": \\"cluster\\", \\"delay\\": \\"2.6s\\", \\"duration\\": \\"6.3s\\"}, {\\"left\\": \\"-0.8%\\", \\"top\\": \\"46.7%\\", \\"rotate\\": \\"-29.59deg\\", \\"type\\": \\"cluster\\", \\"delay\\": \\"1.5s\\", \\"duration\\": \\"6.8s\\"}, {\\"left\\": \\"24.7%\\", \\"top\\": \\"76.9%\\", \\"rotate\\": \\"-14.23deg\\", \\"type\\": \\"cluster\\", \\"delay\\": \\"0.4s\\", \\"duration\\": \\"7.2s\\"}, {\\"left\\": \\"5.1%\\", \\"top\\": \\"11.0%\\", \\"rotate\\": \\"-52.13deg\\", \\"type\\": \\"single\\", \\"delay\\": \\"0.2s\\", \\"duration\\": \\"6.2s\\"}, {\\"left\\": \\"66.3%\\", \\"top\\": \\"8.2%\\", \\"rotate\\": \\"-54.69deg\\", \\"type\\": \\"cluster\\", \\"delay\\": \\"1.1s\\", \\"duration\\": \\"6.5s\\"}, {\\"left\\": \\"87.0%\\", \\"top\\": \\"15.3%\\", \\"rotate\\": \\"-54.69deg\\", \\"type\\": \\"single\\", \\"delay\\": \\"2.3s\\", \\"duration\\": \\"5.8s\\"}, {\\"left\\": \\"83.7%\\", \\"top\\": \\"40.8%\\", \\"rotate\\": \\"-14.23deg\\", \\"type\\": \\"single\\", \\"delay\\": \\"2.0s\\", \\"duration\\": \\"6.6s\\"}];\\nvar hero = document.getElementById('smhero');\\nvar groups = hero.querySelectorAll('.nuts');\\nvar bottles = hero.querySelectorAll('.bottle');\\ngroups.forEach(function (g, gi) {\\n  var s = SLIDES[gi];\\n  bottles[gi].querySelector('img').src = s.bottle;\\n  NUTS.forEach(function (n) {\\n    var c = document.createElement('div'); c.className = 'nut';\\n    c.style.left = n.left; c.style.top = n.top;\\n    c.style.animationDelay = n.delay; c.style.animationDuration = n.duration;\\n    var w = document.createElement('div'); w.className = 'nutrot';\\n    w.style.transform = 'rotate(' + n.rotate + ')';\\n    var img = document.createElement('img'); img.className = 'nutimg'; img.alt = '';\\n    img.loading = 'lazy'; img.src = n.type === 'single' ? s.single : s.cluster;\\n    w.appendChild(img); c.appendChild(w); g.appendChild(c);\\n  });\\n});\\nvar dotsWrap = hero.querySelector('.dots');\\nSLIDES.forEach(function (s, i) {\\n  var b = document.createElement('button'); b.className = 'dot';\\n  b.setAttribute('aria-label', 'Go to slide ' + (i + 1));\\n  b.addEventListener('click', function () { go(i); });\\n  dotsWrap.appendChild(b);\\n});\\nvar dots = dotsWrap.querySelectorAll('.dot');\\nvar bg = hero.querySelectorAll('.bgtext');\\nvar active = 0, timer = null, hovered = false;\\nfunction render() {\\n  hero.style.backgroundColor = SLIDES[active].color;\\n  for (var i = 0; i < SLIDES.length; i++) {\\n    bg[i].classList.toggle('active', i === active);\\n    groups[i].classList.toggle('active', i === active);\\n    bottles[i].classList.toggle('active', i === active);\\n    dots[i].classList.toggle('active', i === active);\\n  }\\n}\\nfunction go(i) { active = (i + SLIDES.length) % SLIDES.length; render(); }\\nfunction stop() { if (timer) { clearInterval(timer); timer = null; } }\\nfunction start() { stop(); if (hovered) return; timer = setInterval(function () { go(active + 1); }, 3000); }\\nhero.querySelector('.prev').addEventListener('click', function () { go(active - 1); });\\nhero.querySelector('.next').addEventListener('click', function () { go(active + 1); });\\nhero.addEventListener('mouseenter', function () { hovered = true; stop(); });\\nhero.addEventListener('mouseleave', function () { hovered = false; start(); });\\nrender(); start();", "css": "@import url('https://fonts.googleapis.com/css2?family=Stick+No+Bills:wght@700;800&display=swap');\\n* { box-sizing: border-box; }\\n.hero {\\n  position: relative;\\n  width: 100%;\\n  aspect-ratio: 16 / 9;\\n  max-height: 820px;\\n  min-height: 560px;\\n  display: flex;\\n  align-items: center;\\n  justify-content: center;\\n  overflow: hidden;\\n  background-color: #E09771;\\n  transition: background-color 1s cubic-bezier(0.4, 0, 0.2, 1);\\n}\\n.bgtext-wrap {\\n  position: absolute; inset: 0;\\n  display: flex; align-items: center; justify-content: center;\\n  pointer-events: none; z-index: 1;\\n}\\n.bgtext {\\n  position: absolute; top: 50%; left: 50%;\\n  transform: translate(-50%, -46%) scale(0.96);\\n  font-family: 'Stick No Bills', 'Arial Narrow', Impact, sans-serif;\\n  font-weight: 800;\\n  font-size: clamp(120px, 22vw, 420px);\\n  line-height: 1; color: #fff; white-space: nowrap; margin: 0;\\n  letter-spacing: -2px; opacity: 0;\\n  transition: opacity 0.8s cubic-bezier(0.4,0,0.2,1), transform 0.8s cubic-bezier(0.4,0,0.2,1);\\n}\\n.bgtext.active { transform: translate(-50%, -50%) scale(1); opacity: 1; }\\n.bottles {\\n  position: relative; z-index: 10;\\n  width: clamp(200px, 22vw, 413px);\\n  aspect-ratio: 826 / 1728;\\n  animation: breathe 8s ease-in-out infinite;\\n  margin-top: 80px;\\n}\\n.bottle {\\n  position: absolute; top: 0; left: 0; right: 0; margin: 0 auto;\\n  width: 100%; height: 90%; display: block; cursor: pointer;\\n  transition: opacity 0.8s cubic-bezier(0.4,0,0.2,1), transform 0.8s cubic-bezier(0.175,0.885,0.32,1.275);\\n  opacity: 0; transform: scale(0.92) rotate(-6deg); pointer-events: none;\\n}\\n.bottle img {\\n  width: auto; height: 100%; margin: 0 auto; display: block;\\n  filter: drop-shadow(0 20px 40px rgba(0,0,0,0.15));\\n}\\n.bottle.active { opacity: 1; transform: scale(1) rotate(0deg); pointer-events: auto; }\\n.bottle.active:hover { transform: scale(1.04) rotate(-1deg); transition: transform 0.5s cubic-bezier(0.175,0.885,0.32,1.275); }\\n.nuts { position: absolute; inset: 0; pointer-events: none; opacity: 0; z-index: 5;\\n  transition: opacity 0.8s cubic-bezier(0.4,0,0.2,1); }\\n.nuts.active { opacity: 1; }\\n.nut { position: absolute; z-index: 5; animation: float ease-in-out infinite; }\\n.nutrot { width: clamp(70px, 8.5vw, 160px); display: flex; align-items: center; justify-content: center; }\\n.nutimg { width: 100%; height: auto; object-fit: contain; filter: drop-shadow(0 10px 20px rgba(0,0,0,0.12)); }\\n.ctrl {\\n  position: absolute; top: 50%; transform: translateY(-50%);\\n  width: 52px; height: 52px; border-radius: 50%;\\n  background: rgba(255,255,255,0.25); border: 1px solid rgba(255,255,255,0.35);\\n  backdrop-filter: blur(8px); -webkit-backdrop-filter: blur(8px);\\n  color: #323232; display: flex; align-items: center; justify-content: center;\\n  cursor: pointer; z-index: 30; opacity: 0; visibility: hidden;\\n  transition: opacity 0.3s ease, background-color 0.2s ease, transform 0.2s ease, visibility 0.3s ease, border-color 0.2s ease;\\n}\\n.prev { left: 40px; } .next { right: 40px; }\\n.hero:hover .ctrl { opacity: 1; visibility: visible; }\\n.ctrl:hover { background: rgba(255,255,255,0.65); border-color: rgba(255,255,255,0.5); transform: translateY(-50%) scale(1.08); }\\n.ctrl:active { transform: translateY(-50%) scale(0.95); }\\n.dots { position: absolute; bottom: 40px; left: 50%; transform: translateX(-50%); display: flex; gap: 12px; z-index: 30; }\\n.dot { width: 10px; height: 10px; border-radius: 5px; background: rgba(255,255,255,0.35); cursor: pointer; border: none;\\n  transition: width 0.3s cubic-bezier(0.4,0,0.2,1), background-color 0.3s ease; }\\n.dot:hover { background: rgba(255,255,255,0.7); }\\n.dot.active { width: 32px; background: #fff; }\\n@keyframes float { 0%,100% { transform: translateY(0); } 50% { transform: translateY(-12px); } }\\n@keyframes breathe { 0%,100% { transform: translateY(0) scale(1); } 50% { transform: translateY(-8px) scale(1.02); } }\\n@media (max-width: 768px) {\\n  .hero { min-height: 460px; }\\n  .bgtext { font-size: clamp(65px, 15vw, 180px); letter-spacing: -1px; }\\n  .bottles { width: clamp(140px, 45vw, 220px); }\\n  .nutrot { width: clamp(40px, 10vw, 75px); }\\n  .ctrl { width: 42px; height: 42px; opacity: 0.8; visibility: visible; }\\n  .prev { left: 12px; } .next { right: 12px; }\\n  .dots { bottom: 24px; gap: 8px; }\\n  .dot { width: 8px; height: 8px; } .dot.active { width: 24px; }\\n}", "html": "<div class=\\"hero\\" id=\\"smhero\\">\\n  <div class=\\"bgtext-wrap\\">\\n    <h1 class=\\"bgtext\\">ALMOND</h1>\\n    <h1 class=\\"bgtext\\">BLUEBERRY</h1>\\n    <h1 class=\\"bgtext\\">PISTACHIO</h1>\\n  </div>\\n  <div class=\\"nuts\\"></div>\\n  <div class=\\"nuts\\"></div>\\n  <div class=\\"nuts\\"></div>\\n  <div class=\\"bottles\\">\\n    <a class=\\"bottle\\" href=\\"/shop/almond-milk\\"><img alt=\\"Almond Ragda\\" /></a>\\n    <a class=\\"bottle\\" href=\\"/shop\\"><img alt=\\"Blueberry Ragda\\" /></a>\\n    <a class=\\"bottle\\" href=\\"/shop\\"><img alt=\\"Pistachio Ragda\\" /></a>\\n  </div>\\n  <button class=\\"ctrl prev\\" aria-label=\\"Previous slide\\"><svg width=\\"24\\" height=\\"24\\" viewBox=\\"0 0 24 24\\" fill=\\"none\\" stroke=\\"currentColor\\" stroke-width=\\"2.5\\" stroke-linecap=\\"round\\" stroke-linejoin=\\"round\\"><polyline points=\\"15 18 9 12 15 6\\"></polyline></svg></button>\\n  <button class=\\"ctrl next\\" aria-label=\\"Next slide\\"><svg width=\\"24\\" height=\\"24\\" viewBox=\\"0 0 24 24\\" fill=\\"none\\" stroke=\\"currentColor\\" stroke-width=\\"2.5\\" stroke-linecap=\\"round\\" stroke-linejoin=\\"round\\"><polyline points=\\"9 18 15 12 9 6\\"></polyline></svg></button>\\n  <div class=\\"dots\\"></div>\\n</div>", "height_mode": "auto", "fixed_height": 700}, "enabled": true}, {"id": "235db656-120e-4e83-bda7-641115c565a7", "type": "featured_products", "config": {"limit": 12, "source": "featured", "heading": "Bestsellers", "subheading": "", "category_id": null, "product_ids": []}, "enabled": true}, {"id": "bcdae2b1-5ea8-4e75-bacd-507a80487d77", "type": "shop_by_category", "config": {"layout": "scroll", "source": "all", "display": "circles", "heading": "Shop by Category", "subheading": "", "category_ids": []}, "enabled": true}, {"id": "865596f5-f648-4ff7-86f5-a74628423089", "type": "latest_blogs", "config": {"limit": 12, "layout": "scroll", "source": "latest", "heading": "From the Journal", "blog_ids": [], "subheading": ""}, "enabled": true}, {"id": "6428ae1a-f0f9-4706-b1d9-60464a849906", "type": "featured_products", "config": {"limit": 8, "source": "manual", "heading": "Best", "subheading": "", "category_id": null, "product_ids": ["1648a152-7536-4564-86c6-c611745b712a"]}, "enabled": true}]	[{"id": "c0de0000-0000-4000-8000-000000000001", "type": "custom_code", "config": {"js": "var SLIDES = [{\\"color\\": \\"#E09771\\", \\"single\\": \\"https://oiblxqrvyekxdbimvhod.supabase.co/storage/v1/object/public/media/dashboard-uploads/ngvkthdf3b_1780343562983.png\\", \\"cluster\\": \\"https://oiblxqrvyekxdbimvhod.supabase.co/storage/v1/object/public/media/dashboard-uploads/xdmdafqscc_1780343810851.png\\", \\"bottle\\": \\"https://oiblxqrvyekxdbimvhod.supabase.co/storage/v1/object/public/media/dashboard-uploads/nei10q9mscn_1780343457832.png\\"}, {\\"color\\": \\"#9575AB\\", \\"single\\": \\"https://oiblxqrvyekxdbimvhod.supabase.co/storage/v1/object/public/media/dashboard-uploads/i0y7x9sjox_1780343588753.png\\", \\"cluster\\": \\"https://oiblxqrvyekxdbimvhod.supabase.co/storage/v1/object/public/media/dashboard-uploads/n2e74hl15l_1780343843904.png\\", \\"bottle\\": \\"https://oiblxqrvyekxdbimvhod.supabase.co/storage/v1/object/public/media/dashboard-uploads/jmunueumdml_1780343501018.png\\"}, {\\"color\\": \\"#73AC96\\", \\"single\\": \\"https://oiblxqrvyekxdbimvhod.supabase.co/storage/v1/object/public/media/dashboard-uploads/pcijqkoaf2_1780343617414.png\\", \\"cluster\\": \\"https://oiblxqrvyekxdbimvhod.supabase.co/storage/v1/object/public/media/dashboard-uploads/f33nes0qxrs_1780343888420.png\\", \\"bottle\\": \\"https://oiblxqrvyekxdbimvhod.supabase.co/storage/v1/object/public/media/dashboard-uploads/9m3686ix2i_1780343537281.png\\"}];\\nvar NUTS = [{\\"left\\": \\"85.3%\\", \\"top\\": \\"73.1%\\", \\"rotate\\": \\"-8.84deg\\", \\"type\\": \\"single\\", \\"delay\\": \\"0.9s\\", \\"duration\\": \\"5.6s\\"}, {\\"left\\": \\"20.7%\\", \\"top\\": \\"45.4%\\", \\"rotate\\": \\"-6.28deg\\", \\"type\\": \\"single\\", \\"delay\\": \\"0.8s\\", \\"duration\\": \\"6.0s\\"}, {\\"left\\": \\"6.2%\\", \\"top\\": \\"77.4%\\", \\"rotate\\": \\"-6.28deg\\", \\"type\\": \\"single\\", \\"delay\\": \\"1.7s\\", \\"duration\\": \\"5.9s\\"}, {\\"left\\": \\"24.3%\\", \\"top\\": \\"13.1%\\", \\"rotate\\": \\"-6.28deg\\", \\"type\\": \\"cluster\\", \\"delay\\": \\"0.0s\\", \\"duration\\": \\"7.0s\\"}, {\\"left\\": \\"64.6%\\", \\"top\\": \\"38.7%\\", \\"rotate\\": \\"-8.84deg\\", \\"type\\": \\"single\\", \\"delay\\": \\"0.5s\\", \\"duration\\": \\"5.4s\\"}, {\\"left\\": \\"62.5%\\", \\"top\\": \\"75.5%\\", \\"rotate\\": \\"-52.08deg\\", \\"type\\": \\"cluster\\", \\"delay\\": \\"2.6s\\", \\"duration\\": \\"6.3s\\"}, {\\"left\\": \\"-0.8%\\", \\"top\\": \\"46.7%\\", \\"rotate\\": \\"-29.59deg\\", \\"type\\": \\"cluster\\", \\"delay\\": \\"1.5s\\", \\"duration\\": \\"6.8s\\"}, {\\"left\\": \\"24.7%\\", \\"top\\": \\"76.9%\\", \\"rotate\\": \\"-14.23deg\\", \\"type\\": \\"cluster\\", \\"delay\\": \\"0.4s\\", \\"duration\\": \\"7.2s\\"}, {\\"left\\": \\"5.1%\\", \\"top\\": \\"11.0%\\", \\"rotate\\": \\"-52.13deg\\", \\"type\\": \\"single\\", \\"delay\\": \\"0.2s\\", \\"duration\\": \\"6.2s\\"}, {\\"left\\": \\"66.3%\\", \\"top\\": \\"8.2%\\", \\"rotate\\": \\"-54.69deg\\", \\"type\\": \\"cluster\\", \\"delay\\": \\"1.1s\\", \\"duration\\": \\"6.5s\\"}, {\\"left\\": \\"87.0%\\", \\"top\\": \\"15.3%\\", \\"rotate\\": \\"-54.69deg\\", \\"type\\": \\"single\\", \\"delay\\": \\"2.3s\\", \\"duration\\": \\"5.8s\\"}, {\\"left\\": \\"83.7%\\", \\"top\\": \\"40.8%\\", \\"rotate\\": \\"-14.23deg\\", \\"type\\": \\"single\\", \\"delay\\": \\"2.0s\\", \\"duration\\": \\"6.6s\\"}];\\nvar hero = document.getElementById('smhero');\\nvar groups = hero.querySelectorAll('.nuts');\\nvar bottles = hero.querySelectorAll('.bottle');\\ngroups.forEach(function (g, gi) {\\n  var s = SLIDES[gi];\\n  bottles[gi].querySelector('img').src = s.bottle;\\n  NUTS.forEach(function (n) {\\n    var c = document.createElement('div'); c.className = 'nut';\\n    c.style.left = n.left; c.style.top = n.top;\\n    c.style.animationDelay = n.delay; c.style.animationDuration = n.duration;\\n    var w = document.createElement('div'); w.className = 'nutrot';\\n    w.style.transform = 'rotate(' + n.rotate + ')';\\n    var img = document.createElement('img'); img.className = 'nutimg'; img.alt = '';\\n    img.loading = 'lazy'; img.src = n.type === 'single' ? s.single : s.cluster;\\n    w.appendChild(img); c.appendChild(w); g.appendChild(c);\\n  });\\n});\\nvar dotsWrap = hero.querySelector('.dots');\\nSLIDES.forEach(function (s, i) {\\n  var b = document.createElement('button'); b.className = 'dot';\\n  b.setAttribute('aria-label', 'Go to slide ' + (i + 1));\\n  b.addEventListener('click', function () { go(i); });\\n  dotsWrap.appendChild(b);\\n});\\nvar dots = dotsWrap.querySelectorAll('.dot');\\nvar bg = hero.querySelectorAll('.bgtext');\\nvar active = 0, timer = null, hovered = false;\\nfunction render() {\\n  hero.style.backgroundColor = SLIDES[active].color;\\n  for (var i = 0; i < SLIDES.length; i++) {\\n    bg[i].classList.toggle('active', i === active);\\n    groups[i].classList.toggle('active', i === active);\\n    bottles[i].classList.toggle('active', i === active);\\n    dots[i].classList.toggle('active', i === active);\\n  }\\n}\\nfunction go(i) { active = (i + SLIDES.length) % SLIDES.length; render(); }\\nfunction stop() { if (timer) { clearInterval(timer); timer = null; } }\\nfunction start() { stop(); if (hovered) return; timer = setInterval(function () { go(active + 1); }, 3000); }\\nhero.querySelector('.prev').addEventListener('click', function () { go(active - 1); });\\nhero.querySelector('.next').addEventListener('click', function () { go(active + 1); });\\nhero.addEventListener('mouseenter', function () { hovered = true; stop(); });\\nhero.addEventListener('mouseleave', function () { hovered = false; start(); });\\nrender(); start();", "css": "@import url('https://fonts.googleapis.com/css2?family=Stick+No+Bills:wght@700;800&display=swap');\\n* { box-sizing: border-box; }\\n.hero {\\n  position: relative;\\n  width: 100%;\\n  aspect-ratio: 16 / 9;\\n  max-height: 820px;\\n  min-height: 560px;\\n  display: flex;\\n  align-items: center;\\n  justify-content: center;\\n  overflow: hidden;\\n  background-color: #E09771;\\n  transition: background-color 1s cubic-bezier(0.4, 0, 0.2, 1);\\n}\\n.bgtext-wrap {\\n  position: absolute; inset: 0;\\n  display: flex; align-items: center; justify-content: center;\\n  pointer-events: none; z-index: 1;\\n}\\n.bgtext {\\n  position: absolute; top: 50%; left: 50%;\\n  transform: translate(-50%, -46%) scale(0.96);\\n  font-family: 'Stick No Bills', 'Arial Narrow', Impact, sans-serif;\\n  font-weight: 800;\\n  font-size: clamp(120px, 22vw, 420px);\\n  line-height: 1; color: #fff; white-space: nowrap; margin: 0;\\n  letter-spacing: -2px; opacity: 0;\\n  transition: opacity 0.8s cubic-bezier(0.4,0,0.2,1), transform 0.8s cubic-bezier(0.4,0,0.2,1);\\n}\\n.bgtext.active { transform: translate(-50%, -50%) scale(1); opacity: 1; }\\n.bottles {\\n  position: relative; z-index: 10;\\n  width: clamp(200px, 22vw, 413px);\\n  aspect-ratio: 826 / 1728;\\n  animation: breathe 8s ease-in-out infinite;\\n  margin-top: 80px;\\n}\\n.bottle {\\n  position: absolute; top: 0; left: 0; right: 0; margin: 0 auto;\\n  width: 100%; height: 90%; display: block; cursor: pointer;\\n  transition: opacity 0.8s cubic-bezier(0.4,0,0.2,1), transform 0.8s cubic-bezier(0.175,0.885,0.32,1.275);\\n  opacity: 0; transform: scale(0.92) rotate(-6deg); pointer-events: none;\\n}\\n.bottle img {\\n  width: auto; height: 100%; margin: 0 auto; display: block;\\n  filter: drop-shadow(0 20px 40px rgba(0,0,0,0.15));\\n}\\n.bottle.active { opacity: 1; transform: scale(1) rotate(0deg); pointer-events: auto; }\\n.bottle.active:hover { transform: scale(1.04) rotate(-1deg); transition: transform 0.5s cubic-bezier(0.175,0.885,0.32,1.275); }\\n.nuts { position: absolute; inset: 0; pointer-events: none; opacity: 0; z-index: 5;\\n  transition: opacity 0.8s cubic-bezier(0.4,0,0.2,1); }\\n.nuts.active { opacity: 1; }\\n.nut { position: absolute; z-index: 5; animation: float ease-in-out infinite; }\\n.nutrot { width: clamp(70px, 8.5vw, 160px); display: flex; align-items: center; justify-content: center; }\\n.nutimg { width: 100%; height: auto; object-fit: contain; filter: drop-shadow(0 10px 20px rgba(0,0,0,0.12)); }\\n.ctrl {\\n  position: absolute; top: 50%; transform: translateY(-50%);\\n  width: 52px; height: 52px; border-radius: 50%;\\n  background: rgba(255,255,255,0.25); border: 1px solid rgba(255,255,255,0.35);\\n  backdrop-filter: blur(8px); -webkit-backdrop-filter: blur(8px);\\n  color: #323232; display: flex; align-items: center; justify-content: center;\\n  cursor: pointer; z-index: 30; opacity: 0; visibility: hidden;\\n  transition: opacity 0.3s ease, background-color 0.2s ease, transform 0.2s ease, visibility 0.3s ease, border-color 0.2s ease;\\n}\\n.prev { left: 40px; } .next { right: 40px; }\\n.hero:hover .ctrl { opacity: 1; visibility: visible; }\\n.ctrl:hover { background: rgba(255,255,255,0.65); border-color: rgba(255,255,255,0.5); transform: translateY(-50%) scale(1.08); }\\n.ctrl:active { transform: translateY(-50%) scale(0.95); }\\n.dots { position: absolute; bottom: 40px; left: 50%; transform: translateX(-50%); display: flex; gap: 12px; z-index: 30; }\\n.dot { width: 10px; height: 10px; border-radius: 5px; background: rgba(255,255,255,0.35); cursor: pointer; border: none;\\n  transition: width 0.3s cubic-bezier(0.4,0,0.2,1), background-color 0.3s ease; }\\n.dot:hover { background: rgba(255,255,255,0.7); }\\n.dot.active { width: 32px; background: #fff; }\\n@keyframes float { 0%,100% { transform: translateY(0); } 50% { transform: translateY(-12px); } }\\n@keyframes breathe { 0%,100% { transform: translateY(0) scale(1); } 50% { transform: translateY(-8px) scale(1.02); } }\\n@media (max-width: 768px) {\\n  .hero { min-height: 460px; }\\n  .bgtext { font-size: clamp(65px, 15vw, 180px); letter-spacing: -1px; }\\n  .bottles { width: clamp(140px, 45vw, 220px); }\\n  .nutrot { width: clamp(40px, 10vw, 75px); }\\n  .ctrl { width: 42px; height: 42px; opacity: 0.8; visibility: visible; }\\n  .prev { left: 12px; } .next { right: 12px; }\\n  .dots { bottom: 24px; gap: 8px; }\\n  .dot { width: 8px; height: 8px; } .dot.active { width: 24px; }\\n}", "html": "<div class=\\"hero\\" id=\\"smhero\\">\\n  <div class=\\"bgtext-wrap\\">\\n    <h1 class=\\"bgtext\\">ALMOND</h1>\\n    <h1 class=\\"bgtext\\">BLUEBERRY</h1>\\n    <h1 class=\\"bgtext\\">PISTACHIO</h1>\\n  </div>\\n  <div class=\\"nuts\\"></div>\\n  <div class=\\"nuts\\"></div>\\n  <div class=\\"nuts\\"></div>\\n  <div class=\\"bottles\\">\\n    <a class=\\"bottle\\" href=\\"/shop/almond-milk\\"><img alt=\\"Almond Ragda\\" /></a>\\n    <a class=\\"bottle\\" href=\\"/shop\\"><img alt=\\"Blueberry Ragda\\" /></a>\\n    <a class=\\"bottle\\" href=\\"/shop\\"><img alt=\\"Pistachio Ragda\\" /></a>\\n  </div>\\n  <button class=\\"ctrl prev\\" aria-label=\\"Previous slide\\"><svg width=\\"24\\" height=\\"24\\" viewBox=\\"0 0 24 24\\" fill=\\"none\\" stroke=\\"currentColor\\" stroke-width=\\"2.5\\" stroke-linecap=\\"round\\" stroke-linejoin=\\"round\\"><polyline points=\\"15 18 9 12 15 6\\"></polyline></svg></button>\\n  <button class=\\"ctrl next\\" aria-label=\\"Next slide\\"><svg width=\\"24\\" height=\\"24\\" viewBox=\\"0 0 24 24\\" fill=\\"none\\" stroke=\\"currentColor\\" stroke-width=\\"2.5\\" stroke-linecap=\\"round\\" stroke-linejoin=\\"round\\"><polyline points=\\"9 18 15 12 9 6\\"></polyline></svg></button>\\n  <div class=\\"dots\\"></div>\\n</div>", "height_mode": "auto", "fixed_height": 700}, "enabled": true}, {"id": "3fe1b03e-2a58-41e9-b129-e63a3dcb6284", "type": "faq_accordion", "config": {"items": [{"answer": "dummy", "category": "", "question": "testimg"}], "heading": "Frequently asked questions", "subheading": "", "show_filters": false}, "enabled": true}, {"id": "235db656-120e-4e83-bda7-641115c565a7", "type": "featured_products", "config": {"limit": 12, "source": "featured", "heading": "Bestsellers", "subheading": "", "category_id": null, "product_ids": []}, "enabled": true}, {"id": "bcdae2b1-5ea8-4e75-bacd-507a80487d77", "type": "shop_by_category", "config": {"layout": "scroll", "source": "all", "display": "circles", "heading": "Shop by Category", "subheading": "", "category_ids": []}, "enabled": true}, {"id": "865596f5-f648-4ff7-86f5-a74628423089", "type": "latest_blogs", "config": {"limit": 12, "layout": "scroll", "source": "latest", "heading": "From the Journal", "blog_ids": [], "subheading": ""}, "enabled": true}, {"id": "6428ae1a-f0f9-4706-b1d9-60464a849906", "type": "featured_products", "config": {"limit": 8, "source": "manual", "heading": "Best", "subheading": "", "category_id": null, "product_ids": ["1648a152-7536-4564-86c6-c611745b712a"]}, "enabled": true}]	2026-07-05 11:53:48.317+00	\N	bab29fff-0265-477a-9a7b-16f1af9007a6	2026-07-02 20:07:50.250825+00	2026-07-05 11:56:19.376175+00
191aeb0a-8d3d-4d6e-a2b1-d86675a151f5	a0000000-0000-4000-8000-000000000001	find-us	Find Us	published			f	[{"id": "5b8f5136-e6bc-4e1b-b849-16f9e390ee7d", "type": "rich_text", "config": {"html": "<h2>Find Us</h2>\\n<p>Can't wait? We have a growing network of retail partners who stock wholesip. goodness. Check out the map below to find a store near you.</p>", "width": "contained"}, "enabled": true}]	[{"id": "5b8f5136-e6bc-4e1b-b849-16f9e390ee7d", "type": "rich_text", "config": {"html": "<h2>Find Us</h2>\\n<p>Can't wait? We have a growing network of retail partners who stock wholesip. goodness. Check out the map below to find a store near you.</p>", "width": "contained"}, "enabled": true}]	2026-07-02 20:16:34.137+00	\N	\N	2026-07-02 20:16:34.69679+00	2026-07-02 20:16:34.69679+00
9ef1d2d8-343d-4542-b320-2d870602b083	a0000000-0000-4000-8000-000000000001	gift-packs	Gift Packs	published	Gift Packs		f	[{"id": "87d79bc5-b53c-46a1-a80d-738a026cbb64", "type": "rich_text", "config": {"html": "<h2>Gift Packs</h2>\\n<p>Thoughtfully curated bundles of wholesip. goodness, perfect for gifting. Explore our packs.</p>", "width": "contained"}, "enabled": true}]	[{"id": "87d79bc5-b53c-46a1-a80d-738a026cbb64", "type": "rich_text", "config": {"html": "<h2>Gift Packs</h2>\\n<p>Thoughtfully curated bundles of wholesip. goodness, perfect for gifting. Explore our packs.</p>", "width": "contained"}, "enabled": true}]	2026-07-02 20:16:34.137+00	\N	\N	2026-07-02 20:16:34.69679+00	2026-07-02 20:16:34.69679+00
fdb4de70-dfe8-4af3-bc9b-9f36b3119497	a0000000-0000-4000-8000-000000000001	ingredients	Our Ingredients	published	Our Ingredients		f	[{"id": "47e7bb2b-37b2-4950-9829-f0b5d95dc0ed", "type": "rich_text", "config": {"html": "<h2>Our Ingredients</h2>\\n<p>Clean, traceable, and nothing you can't pronounce. Here's exactly what goes into wholesip. and where it comes from.</p>", "width": "contained"}, "enabled": true}]	[{"id": "47e7bb2b-37b2-4950-9829-f0b5d95dc0ed", "type": "rich_text", "config": {"html": "<h2>Our Ingredients</h2>\\n<p>Clean, traceable, and nothing you can't pronounce. Here's exactly what goes into wholesip. and where it comes from.</p>", "width": "contained"}, "enabled": true}]	2026-07-02 20:16:34.137+00	\N	\N	2026-07-02 20:16:34.69679+00	2026-07-02 20:16:34.69679+00
59899f39-b57b-42b9-a71d-e2b38dc090b9	a0000000-0000-4000-8000-000000000001	process	The Process	published	The Process		f	[{"id": "ebc3a0d4-ad2f-4186-9232-36c1afb66ed4", "type": "rich_text", "config": {"html": "<h2>The Process</h2>\\n<p>Soaking, sprouting, slow-roasting. Discover the craft behind every batch and why we never rush the good stuff.</p>", "width": "contained"}, "enabled": true}]	[{"id": "ebc3a0d4-ad2f-4186-9232-36c1afb66ed4", "type": "rich_text", "config": {"html": "<h2>The Process</h2>\\n<p>Soaking, sprouting, slow-roasting. Discover the craft behind every batch and why we never rush the good stuff.</p>", "width": "contained"}, "enabled": true}]	2026-07-02 20:16:34.137+00	\N	\N	2026-07-02 20:16:34.69679+00	2026-07-02 20:16:34.69679+00
08274d78-07c4-4ab8-ba38-fdb2599f08bb	a0000000-0000-4000-8000-000000000001	sustainability	Sustainability	published	Sustainability		f	[{"id": "fcd3ea05-c5bd-43a0-8b0e-2586977e1faf", "type": "rich_text", "config": {"html": "<h2>Sustainability</h2>\\n<p>From mindful sourcing to recyclable packaging, here's how we're working to leave things better than we found them.</p>", "width": "contained"}, "enabled": true}]	[{"id": "fcd3ea05-c5bd-43a0-8b0e-2586977e1faf", "type": "rich_text", "config": {"html": "<h2>Sustainability</h2>\\n<p>From mindful sourcing to recyclable packaging, here's how we're working to leave things better than we found them.</p>", "width": "contained"}, "enabled": true}]	2026-07-02 20:16:34.137+00	\N	\N	2026-07-02 20:16:34.69679+00	2026-07-02 20:16:34.69679+00
0625c21f-9460-4182-ad5d-30b6be0a0d05	a0000000-0000-4000-8000-000000000001	wholesale	Bulk / Wholesale	published	Bulk / Wholesale		f	[{"id": "c6724427-c386-4d92-824d-cb6eab5abf37", "type": "rich_text", "config": {"html": "<h2>Bulk / Wholesale</h2>\\n<p>Stocking wholesip. in your store or buying in bulk? Let's talk partnerships and wholesale pricing.</p>", "width": "contained"}, "enabled": true}]	[{"id": "c6724427-c386-4d92-824d-cb6eab5abf37", "type": "rich_text", "config": {"html": "<h2>Bulk / Wholesale</h2>\\n<p>Stocking wholesip. in your store or buying in bulk? Let's talk partnerships and wholesale pricing.</p>", "width": "contained"}, "enabled": true}]	2026-07-02 20:16:34.137+00	\N	\N	2026-07-02 20:16:34.69679+00	2026-07-02 20:16:34.69679+00
9cf863d4-4824-42b4-8fc1-42b4662e125a	a0000000-0000-4000-8000-000000000001	returns	Returns & Refunds	published	Returns & Refunds		f	[{"id": "b4e3c96c-0d4e-40bd-9faa-1594809408a5", "type": "rich_text", "config": {"html": "<h2>Returns &amp; Refunds</h2>\\n<p>Something not right? Here's everything you need to know about returns, replacements, and refunds.</p>", "width": "contained"}, "enabled": true}]	[{"id": "b4e3c96c-0d4e-40bd-9faa-1594809408a5", "type": "rich_text", "config": {"html": "<h2>Returns &amp; Refunds</h2>\\n<p>Something not right? Here's everything you need to know about returns, replacements, and refunds.</p>", "width": "contained"}, "enabled": true}]	2026-07-02 20:16:34.137+00	\N	\N	2026-07-02 20:16:34.69679+00	2026-07-02 20:16:34.69679+00
9b1766ec-799b-43da-8887-02fe3f2175ec	a0000000-0000-4000-8000-000000000001	shipping	Shipping Info	published	Shipping Info		f	[{"id": "464cdbaa-636a-480b-b871-ba697168d72d", "type": "rich_text", "config": {"html": "<h2>Shipping Info</h2>\\n<p>Where we ship, how long it takes, and what it costs. All the delivery details in one place.</p>", "width": "contained"}, "enabled": true}]	[{"id": "464cdbaa-636a-480b-b871-ba697168d72d", "type": "rich_text", "config": {"html": "<h2>Shipping Info</h2>\\n<p>Where we ship, how long it takes, and what it costs. All the delivery details in one place.</p>", "width": "contained"}, "enabled": true}]	2026-07-02 20:16:34.137+00	\N	\N	2026-07-02 20:16:34.69679+00	2026-07-02 20:16:34.69679+00
84bd0cd8-1b43-4434-acff-c85360594602	a0000000-0000-4000-8000-000000000001	terms	Terms of Use	published	Terms of Use		f	[{"id": "1d59686c-eea6-4e2c-8083-a525d0afd55e", "type": "rich_text", "config": {"html": "<h2>Terms of Use</h2>\\n<p>The terms and conditions that govern your use of the wholesip. website and services.</p>", "width": "contained"}, "enabled": true}]	[{"id": "1d59686c-eea6-4e2c-8083-a525d0afd55e", "type": "rich_text", "config": {"html": "<h2>Terms of Use</h2>\\n<p>The terms and conditions that govern your use of the wholesip. website and services.</p>", "width": "contained"}, "enabled": true}]	2026-07-02 20:16:34.137+00	\N	\N	2026-07-02 20:16:34.69679+00	2026-07-02 20:16:34.69679+00
ccb40aef-8e1d-4609-857d-3797b30b349c	a0000000-0000-4000-8000-000000000001	privacy-policy	Privacy Policy	published	Privacy Policy		f	[{"id": "28425179-dbd2-4393-9038-cb0031625764", "type": "rich_text", "config": {"html": "<h2>Privacy Policy</h2>\\n<p>How we collect, use, and protect your personal information. Your privacy matters to us.</p>", "width": "contained"}, "enabled": true}]	[{"id": "28425179-dbd2-4393-9038-cb0031625764", "type": "rich_text", "config": {"html": "<h2>Privacy Policy</h2>\\n<p>How we collect, use, and protect your personal information. Your privacy matters to us.</p>", "width": "contained"}, "enabled": true}]	2026-07-02 20:16:34.137+00	\N	\N	2026-07-02 20:16:34.69679+00	2026-07-02 20:16:34.69679+00
2ceed748-1129-41aa-81f0-5399099c1d30	a0000000-0000-4000-8000-000000000001	refund-policy	Refund Policy	published	Refund Policy		f	[{"id": "785494da-8939-4600-8b40-ff29c3ec2c6c", "type": "rich_text", "config": {"html": "<h2>Refund Policy</h2>\\n<p>Our policy on refunds, cancellations, and eligibility. Read the details here.</p>", "width": "contained"}, "enabled": true}]	[{"id": "785494da-8939-4600-8b40-ff29c3ec2c6c", "type": "rich_text", "config": {"html": "<h2>Refund Policy</h2>\\n<p>Our policy on refunds, cancellations, and eligibility. Read the details here.</p>", "width": "contained"}, "enabled": true}]	2026-07-02 20:16:34.137+00	\N	\N	2026-07-02 20:16:34.69679+00	2026-07-02 20:16:34.69679+00
46a1bc45-ccb0-483e-a7dc-825b04cf321f	a0000000-0000-4000-8000-000000000001	track-order	Track Order	published			f	[{"id": "4804c4f4-ca0d-432b-a989-2ffb691dccf9", "type": "rich_text", "config": {"html": "<h2>Track Order</h2>\\n<p>Enter your order ID below to check the status of your stone-ground goodness.</p>", "width": "contained"}, "enabled": true}]	[{"id": "4804c4f4-ca0d-432b-a989-2ffb691dccf9", "type": "rich_text", "config": {"html": "<h2>Track Order</h2>\\n<p>Enter your order ID below to check the status of your stone-ground goodness.</p>", "width": "contained"}, "enabled": true}]	2026-07-02 21:46:43.163+00	\N	bab29fff-0265-477a-9a7b-16f1af9007a6	2026-07-02 20:16:34.69679+00	2026-07-02 21:46:43.332843+00
e48dfa7c-03f4-4e4f-9183-c886216aa2a4	156c8c4f-4aae-4bff-8f29-4ac24d4805f5	faqs	FAQs	published		Answers to common questions.	f	[{"id": "a6956a0e-10ae-4f2a-9aa8-65748167f81b", "type": "faq_accordion", "style": {"padding_y": "md"}, "config": {"items": [{"answer": "We source from local farms and mills every morning, so most produce reaches you within a day of harvest. If anything isn't up to standard, we'll replace it free.", "category": "Orders", "question": "How fresh is the produce, really?"}, {"answer": "We deliver every day, 8am–9pm. Orders placed before 4pm arrive the same day; everything else arrives the next morning.", "category": "Delivery", "question": "What are your delivery times?"}, {"answer": "Tell us within 24 hours and we'll refund or replace it — no photos, no forms.", "category": "Returns", "question": "What if something arrives damaged?"}, {"answer": "No minimum. Orders over ₹499 ship free; below that a flat ₹29 delivery fee applies.", "category": "Orders", "question": "Is there a minimum order value?"}, {"answer": "Cards, UPI, net banking and cash on delivery — pick whatever's easiest at checkout.", "category": "Payments", "question": "Which payment methods do you accept?"}, {"answer": "Unopened packaged items can be returned within 7 days. Fresh items can be handed back at the doorstep on delivery.", "category": "Returns", "question": "Can I return packaged goods?"}], "heading": "Frequently asked questions", "subheading": "Delivery, returns, freshness — everything you might wonder about.", "show_filters": true}, "enabled": true}]	[{"id": "a6956a0e-10ae-4f2a-9aa8-65748167f81b", "type": "faq_accordion", "style": {"padding_y": "md"}, "config": {"items": [{"answer": "We source from local farms and mills every morning, so most produce reaches you within a day of harvest. If anything isn't up to standard, we'll replace it free.", "category": "Orders", "question": "How fresh is the produce, really?"}, {"answer": "We deliver every day, 8am–9pm. Orders placed before 4pm arrive the same day; everything else arrives the next morning.", "category": "Delivery", "question": "What are your delivery times?"}, {"answer": "Tell us within 24 hours and we'll refund or replace it — no photos, no forms.", "category": "Returns", "question": "What if something arrives damaged?"}, {"answer": "No minimum. Orders over ₹499 ship free; below that a flat ₹29 delivery fee applies.", "category": "Orders", "question": "Is there a minimum order value?"}, {"answer": "Cards, UPI, net banking and cash on delivery — pick whatever's easiest at checkout.", "category": "Payments", "question": "Which payment methods do you accept?"}, {"answer": "Unopened packaged items can be returned within 7 days. Fresh items can be handed back at the doorstep on delivery.", "category": "Returns", "question": "Can I return packaged goods?"}], "heading": "Frequently asked questions", "subheading": "Delivery, returns, freshness — everything you might wonder about.", "show_filters": true}, "enabled": true}]	2026-07-06 05:33:07.967+00	ba7b59a1-d51a-49ed-9ae3-cf0737cc0c83	ba7b59a1-d51a-49ed-9ae3-cf0737cc0c83	2026-07-06 05:33:08.176041+00	2026-07-06 05:33:08.176041+00
d8136c8f-4106-4e15-b771-ae0b9a2a7e1a	156c8c4f-4aae-4bff-8f29-4ac24d4805f5	delivery-returns	Delivery & Returns	published		Delivery slots, coverage and our returns promise.	f	[{"id": "6f6d949e-2232-4ce6-abcd-5508ee5bb7ba", "type": "rich_text", "config": {"html": "<h2>Delivery &amp; returns</h2><h3>Delivery</h3><p>We deliver every day, 8am–9pm. Orders placed before 4pm arrive the same day; everything else arrives next morning.</p><h3>Returns</h3><p>Fresh items can be returned at the doorstep. Packaged goods can be returned unopened within 7 days.</p>", "width": "contained"}, "enabled": true}]	[{"id": "6f6d949e-2232-4ce6-abcd-5508ee5bb7ba", "type": "rich_text", "config": {"html": "<h2>Delivery &amp; returns</h2><h3>Delivery</h3><p>We deliver every day, 8am–9pm. Orders placed before 4pm arrive the same day; everything else arrives next morning.</p><h3>Returns</h3><p>Fresh items can be returned at the doorstep. Packaged goods can be returned unopened within 7 days.</p>", "width": "contained"}, "enabled": true}]	2026-07-06 05:33:08.232+00	ba7b59a1-d51a-49ed-9ae3-cf0737cc0c83	ba7b59a1-d51a-49ed-9ae3-cf0737cc0c83	2026-07-06 05:33:08.41614+00	2026-07-06 05:33:08.41614+00
1a470d6d-15ec-4008-b5f9-0354b1301e68	156c8c4f-4aae-4bff-8f29-4ac24d4805f5	test-page	test page	published			f	[{"id": "5869e0ef-62ca-4584-96b5-6aaeafb87e11", "type": "hero_carousel", "config": {"slides": [{"theme": "dark", "heading": "Welcome to our store", "cta_href": "/shop", "cta_label": "Shop now", "image_url": "", "video_url": "", "background": "", "subheading": ""}], "autoplay": true, "interval_seconds": 5}, "enabled": true}]	[{"id": "5869e0ef-62ca-4584-96b5-6aaeafb87e11", "type": "hero_carousel", "config": {"slides": [{"theme": "dark", "heading": "Welcome to our store", "cta_href": "/shop", "cta_label": "Shop now", "image_url": "", "video_url": "", "background": "", "subheading": ""}], "autoplay": true, "interval_seconds": 5}, "enabled": true}]	2026-07-07 20:01:57.631+00	ba7b59a1-d51a-49ed-9ae3-cf0737cc0c83	ba7b59a1-d51a-49ed-9ae3-cf0737cc0c83	2026-07-07 08:49:30.974697+00	2026-07-07 20:01:57.771451+00
17a37610-bbb1-487c-a9d4-a017f71544b2	156c8c4f-4aae-4bff-8f29-4ac24d4805f5	our-story	Our Story	published		Why we started delivering groceries.	f	[{"id": "6758f0a6-10c3-4303-a27f-ac30409a290a", "type": "hero", "config": {"theme": "dark", "heading": "Groceries, minus the queue", "variant": "banner", "cta_href": "/shop", "alignment": "left", "cta_label": "Shop fresh", "image_url": "/themes/basket/hero.webp", "video_url": "", "background": "#fae3c1", "badge_text": "Our story", "subheading": "We do the market run for you — sourced this morning, at your door by dinner."}, "enabled": true}, {"id": "624bc238-4c60-43bc-8480-d7bfc68e6266", "type": "rich_text", "style": {"padding_y": "sm"}, "config": {"html": "<h2>It started with a bad tomato</h2><p>Fresh food shouldn't cost you an hour of your evening — or arrive tired and bruised. So we built a store that shops the way we'd want someone to shop for us: straight from local farms and mills every morning, hand-checked, and delivered before dinner.</p><p>No warehouses full of week-old produce. No mystery supply chains. Just good food, moving fast.</p><p><strong>If it isn't fresh enough for our own kitchens, it doesn't go in yours.</strong></p>", "width": "contained"}, "enabled": true}, {"id": "27c6702d-fa86-4606-b643-319d82850baf", "type": "usp_bar", "style": {"width": "full", "padding_y": "md", "background": "#101b33"}, "config": {"items": [{"icon": "leaf", "title": "Sourced daily", "subtitle": "From local farms & mills"}, {"icon": "truck", "title": "Delivered fast", "subtitle": "At your door by dinner"}, {"icon": "badge-check", "title": "Hand-checked", "subtitle": "Every single order"}, {"icon": "heart", "title": "Kitchen-tested", "subtitle": "We eat what we sell"}], "theme": "light"}, "enabled": true}, {"id": "c70bc885-d4d6-4026-9e35-0ee21c657647", "type": "hero", "config": {"theme": "light", "heading": "Come taste the difference", "variant": "minimal", "cta_href": "/shop", "alignment": "center", "cta_label": "Start shopping", "image_url": "/themes/basket/cat-fruits-veg.webp", "video_url": "", "background": "", "badge_text": "", "subheading": "Thousands of fresh products, restocked every morning."}, "enabled": true}]	[{"id": "6758f0a6-10c3-4303-a27f-ac30409a290a", "type": "hero", "config": {"theme": "dark", "heading": "Groceries, minus the queue", "variant": "banner", "cta_href": "/shop", "alignment": "left", "cta_label": "Shop fresh", "image_url": "/themes/basket/hero.webp", "video_url": "", "background": "#fae3c1", "badge_text": "Our story", "subheading": "We do the market run for you — sourced this morning, at your door by dinner."}, "enabled": true}, {"id": "624bc238-4c60-43bc-8480-d7bfc68e6266", "type": "rich_text", "style": {"padding_y": "sm"}, "config": {"html": "<h2>It started with a bad tomato</h2><p>Fresh food shouldn't cost you an hour of your evening — or arrive tired and bruised. So we built a store that shops the way we'd want someone to shop for us: straight from local farms and mills every morning, hand-checked, and delivered before dinner.</p><p>No warehouses full of week-old produce. No mystery supply chains. Just good food, moving fast.</p><p><strong>If it isn't fresh enough for our own kitchens, it doesn't go in yours.</strong></p>", "width": "contained"}, "enabled": true}, {"id": "27c6702d-fa86-4606-b643-319d82850baf", "type": "usp_bar", "style": {"width": "full", "padding_y": "md", "background": "#101b33"}, "config": {"items": [{"icon": "leaf", "title": "Sourced daily", "subtitle": "From local farms & mills"}, {"icon": "truck", "title": "Delivered fast", "subtitle": "At your door by dinner"}, {"icon": "badge-check", "title": "Hand-checked", "subtitle": "Every single order"}, {"icon": "heart", "title": "Kitchen-tested", "subtitle": "We eat what we sell"}], "theme": "light"}, "enabled": true}, {"id": "c70bc885-d4d6-4026-9e35-0ee21c657647", "type": "hero", "config": {"theme": "light", "heading": "Come taste the difference", "variant": "minimal", "cta_href": "/shop", "alignment": "center", "cta_label": "Start shopping", "image_url": "/themes/basket/cat-fruits-veg.webp", "video_url": "", "background": "", "badge_text": "", "subheading": "Thousands of fresh products, restocked every morning."}, "enabled": true}]	2026-07-06 11:25:20.841+00	ba7b59a1-d51a-49ed-9ae3-cf0737cc0c83	ba7b59a1-d51a-49ed-9ae3-cf0737cc0c83	2026-07-06 05:33:07.914618+00	2026-07-06 11:25:21.033346+00
c3d465b8-2f7e-4d8a-9e1b-fec697dec5d0	156c8c4f-4aae-4bff-8f29-4ac24d4805f5	dummy	dummy	published			f	[]	[]	2026-07-06 20:20:34.746+00	ba7b59a1-d51a-49ed-9ae3-cf0737cc0c83	ba7b59a1-d51a-49ed-9ae3-cf0737cc0c83	2026-07-06 20:19:45.603499+00	2026-07-06 20:20:34.863992+00
39489e20-0083-49ae-a088-dbdf9e14c362	d657f87a-2caa-43fa-8978-1f78bb62abe8		Home	published		Farm-fresh produce, daily staples and pantry favourites — delivered fast.	f	[{"id": "fff041c5-7129-45d9-abb0-4dd41d4ab958", "type": "hero", "config": {"theme": "dark", "heading": "From farm to your kitchen", "variant": "banner", "cta_href": "/shop", "alignment": "left", "cta_label": "Shop now", "image_url": "/themes/basket/hero.webp", "video_url": "", "background": "#fae3c1", "badge_text": "Fresh deals every week", "subheading": "The freshest groceries, delivered quickly and conveniently."}, "enabled": true}, {"id": "a0566e4a-9918-48ec-9e5f-760e95f48c17", "type": "shop_by_category", "config": {"layout": "scroll", "source": "all", "display": "circles", "heading": "Shop by category", "subheading": "", "category_ids": []}, "enabled": true}, {"id": "128962b0-7750-4b4b-b9b5-892daa09c394", "type": "tile_grid", "config": {"tiles": [{"href": "/shop?category=fruits-vegetables", "theme": "dark", "title": "Fresh produce", "subtitle": "from ₹39", "image_url": "", "background": "#e1f5ee"}, {"href": "/shop?category=snacks-beverages", "theme": "dark", "title": "Snacks & juices", "subtitle": "up to 20% off", "image_url": "", "background": "#fdf3d8"}, {"href": "/shop?category=dairy-eggs", "theme": "dark", "title": "Dairy & eggs", "subtitle": "farm fresh daily", "image_url": "", "background": "#e6f1fb"}, {"href": "/shop?category=household", "theme": "dark", "title": "Household", "subtitle": "weekly essentials", "image_url": "", "background": "#fbeaf0"}], "height": "sm", "columns": 4, "heading": "Top offers this week", "subheading": ""}, "enabled": true}, {"id": "5eefde6f-6047-4dce-8942-2fc0491853d4", "type": "featured_products", "config": {"limit": 8, "source": "featured", "heading": "Fresh picks", "subheading": "Hand-checked every morning", "category_id": null, "product_ids": []}, "enabled": true}, {"id": "0be962ac-3cef-43e5-8f5c-cd3555423643", "type": "tile_grid", "config": {"tiles": [{"href": "/shop?category=snacks-beverages", "theme": "light", "title": "Crispy cookies", "subtitle": "Fresh-baked range in stock", "image_url": "/themes/basket/banner-cookies.webp", "background": ""}, {"href": "/shop?category=snacks-beverages", "theme": "light", "title": "Delicious noodles", "subtitle": "Stir-fry night, sorted", "image_url": "/themes/basket/banner-noodles.webp", "background": ""}], "height": "md", "columns": 2, "heading": "", "subheading": ""}, "enabled": true}, {"id": "74cff35e-424e-4366-aebf-ca42f0066687", "type": "usp_bar", "style": {"width": "full", "padding_y": "sm", "background": "#101b33"}, "config": {"items": [{"icon": "badge-check", "title": "Assured satisfaction", "subtitle": "Best in class"}, {"icon": "sparkles", "title": "Premium quality", "subtitle": "Quality guaranteed"}, {"icon": "refresh", "title": "Easy returns", "subtitle": "As per brand policy"}, {"icon": "lock", "title": "Secure checkout", "subtitle": "100% protected"}], "theme": "light"}, "enabled": true}]	[{"id": "fff041c5-7129-45d9-abb0-4dd41d4ab958", "type": "hero", "config": {"theme": "dark", "heading": "From farm to your kitchen", "variant": "banner", "cta_href": "/shop", "alignment": "left", "cta_label": "Shop now", "image_url": "/themes/basket/hero.webp", "video_url": "", "background": "#fae3c1", "badge_text": "Fresh deals every week", "subheading": "The freshest groceries, delivered quickly and conveniently."}, "enabled": true}, {"id": "a0566e4a-9918-48ec-9e5f-760e95f48c17", "type": "shop_by_category", "config": {"layout": "scroll", "source": "all", "display": "circles", "heading": "Shop by category", "subheading": "", "category_ids": []}, "enabled": true}, {"id": "128962b0-7750-4b4b-b9b5-892daa09c394", "type": "tile_grid", "config": {"tiles": [{"href": "/shop?category=fruits-vegetables", "theme": "dark", "title": "Fresh produce", "subtitle": "from ₹39", "image_url": "", "background": "#e1f5ee"}, {"href": "/shop?category=snacks-beverages", "theme": "dark", "title": "Snacks & juices", "subtitle": "up to 20% off", "image_url": "", "background": "#fdf3d8"}, {"href": "/shop?category=dairy-eggs", "theme": "dark", "title": "Dairy & eggs", "subtitle": "farm fresh daily", "image_url": "", "background": "#e6f1fb"}, {"href": "/shop?category=household", "theme": "dark", "title": "Household", "subtitle": "weekly essentials", "image_url": "", "background": "#fbeaf0"}], "height": "sm", "columns": 4, "heading": "Top offers this week", "subheading": ""}, "enabled": true}, {"id": "5eefde6f-6047-4dce-8942-2fc0491853d4", "type": "featured_products", "config": {"limit": 8, "source": "featured", "heading": "Fresh picks", "subheading": "Hand-checked every morning", "category_id": null, "product_ids": []}, "enabled": true}, {"id": "0be962ac-3cef-43e5-8f5c-cd3555423643", "type": "tile_grid", "config": {"tiles": [{"href": "/shop?category=snacks-beverages", "theme": "light", "title": "Crispy cookies", "subtitle": "Fresh-baked range in stock", "image_url": "/themes/basket/banner-cookies.webp", "background": ""}, {"href": "/shop?category=snacks-beverages", "theme": "light", "title": "Delicious noodles", "subtitle": "Stir-fry night, sorted", "image_url": "/themes/basket/banner-noodles.webp", "background": ""}], "height": "md", "columns": 2, "heading": "", "subheading": ""}, "enabled": true}, {"id": "74cff35e-424e-4366-aebf-ca42f0066687", "type": "usp_bar", "style": {"width": "full", "padding_y": "sm", "background": "#101b33"}, "config": {"items": [{"icon": "badge-check", "title": "Assured satisfaction", "subtitle": "Best in class"}, {"icon": "sparkles", "title": "Premium quality", "subtitle": "Quality guaranteed"}, {"icon": "refresh", "title": "Easy returns", "subtitle": "As per brand policy"}, {"icon": "lock", "title": "Secure checkout", "subtitle": "100% protected"}], "theme": "light"}, "enabled": true}]	2026-07-13 20:26:16.778+00	634781f9-05e9-44f0-b41c-fd654679459d	634781f9-05e9-44f0-b41c-fd654679459d	2026-07-13 20:26:16.913147+00	2026-07-13 20:26:16.913147+00
638df1e7-c9f5-4a4e-98ec-1620c0e47957	d657f87a-2caa-43fa-8978-1f78bb62abe8	our-story	Our Story	published		Why we started delivering groceries.	f	[{"id": "2a253997-de49-4900-b60f-dc825113b680", "type": "hero", "config": {"theme": "dark", "heading": "Groceries, minus the queue", "variant": "banner", "cta_href": "/shop", "alignment": "left", "cta_label": "Shop fresh", "image_url": "/themes/basket/hero.webp", "video_url": "", "background": "#fae3c1", "badge_text": "Our story", "subheading": "We do the market run for you — sourced this morning, at your door by dinner."}, "enabled": true}, {"id": "c2a3fc4d-d9ad-42f0-935f-91eac938360b", "type": "rich_text", "style": {"padding_y": "sm"}, "config": {"html": "<h2>It started with a bad tomato</h2><p>Fresh food shouldn't cost you an hour of your evening — or arrive tired and bruised. So we built a store that shops the way we'd want someone to shop for us: straight from local farms and mills every morning, hand-checked, and delivered before dinner.</p><p>No warehouses full of week-old produce. No mystery supply chains. Just good food, moving fast.</p><p><strong>If it isn't fresh enough for our own kitchens, it doesn't go in yours.</strong></p>", "width": "contained"}, "enabled": true}, {"id": "84ac27a4-c135-4207-b855-67540cf20923", "type": "usp_bar", "style": {"width": "full", "padding_y": "md", "background": "#101b33"}, "config": {"items": [{"icon": "leaf", "title": "Sourced daily", "subtitle": "From local farms & mills"}, {"icon": "truck", "title": "Delivered fast", "subtitle": "At your door by dinner"}, {"icon": "badge-check", "title": "Hand-checked", "subtitle": "Every single order"}, {"icon": "heart", "title": "Kitchen-tested", "subtitle": "We eat what we sell"}], "theme": "light"}, "enabled": true}, {"id": "fa7816ec-de1d-4d05-83f9-991021300a4e", "type": "hero", "config": {"theme": "light", "heading": "Come taste the difference", "variant": "minimal", "cta_href": "/shop", "alignment": "center", "cta_label": "Start shopping", "image_url": "/themes/basket/cat-fruits-veg.webp", "video_url": "", "background": "", "badge_text": "", "subheading": "Thousands of fresh products, restocked every morning."}, "enabled": true}]	[{"id": "2a253997-de49-4900-b60f-dc825113b680", "type": "hero", "config": {"theme": "dark", "heading": "Groceries, minus the queue", "variant": "banner", "cta_href": "/shop", "alignment": "left", "cta_label": "Shop fresh", "image_url": "/themes/basket/hero.webp", "video_url": "", "background": "#fae3c1", "badge_text": "Our story", "subheading": "We do the market run for you — sourced this morning, at your door by dinner."}, "enabled": true}, {"id": "c2a3fc4d-d9ad-42f0-935f-91eac938360b", "type": "rich_text", "style": {"padding_y": "sm"}, "config": {"html": "<h2>It started with a bad tomato</h2><p>Fresh food shouldn't cost you an hour of your evening — or arrive tired and bruised. So we built a store that shops the way we'd want someone to shop for us: straight from local farms and mills every morning, hand-checked, and delivered before dinner.</p><p>No warehouses full of week-old produce. No mystery supply chains. Just good food, moving fast.</p><p><strong>If it isn't fresh enough for our own kitchens, it doesn't go in yours.</strong></p>", "width": "contained"}, "enabled": true}, {"id": "84ac27a4-c135-4207-b855-67540cf20923", "type": "usp_bar", "style": {"width": "full", "padding_y": "md", "background": "#101b33"}, "config": {"items": [{"icon": "leaf", "title": "Sourced daily", "subtitle": "From local farms & mills"}, {"icon": "truck", "title": "Delivered fast", "subtitle": "At your door by dinner"}, {"icon": "badge-check", "title": "Hand-checked", "subtitle": "Every single order"}, {"icon": "heart", "title": "Kitchen-tested", "subtitle": "We eat what we sell"}], "theme": "light"}, "enabled": true}, {"id": "fa7816ec-de1d-4d05-83f9-991021300a4e", "type": "hero", "config": {"theme": "light", "heading": "Come taste the difference", "variant": "minimal", "cta_href": "/shop", "alignment": "center", "cta_label": "Start shopping", "image_url": "/themes/basket/cat-fruits-veg.webp", "video_url": "", "background": "", "badge_text": "", "subheading": "Thousands of fresh products, restocked every morning."}, "enabled": true}]	2026-07-13 20:26:17.045+00	634781f9-05e9-44f0-b41c-fd654679459d	634781f9-05e9-44f0-b41c-fd654679459d	2026-07-13 20:26:17.190109+00	2026-07-13 20:26:17.190109+00
1e70491c-a79f-4717-aa7f-7a2b81f21d7a	d657f87a-2caa-43fa-8978-1f78bb62abe8	faqs	FAQs	published		Answers to common questions.	f	[{"id": "df7f52e7-666b-40a6-9b41-ffd7713b4121", "type": "faq_accordion", "style": {"padding_y": "md"}, "config": {"items": [{"answer": "We source from local farms and mills every morning, so most produce reaches you within a day of harvest. If anything isn't up to standard, we'll replace it free.", "category": "Orders", "question": "How fresh is the produce, really?"}, {"answer": "We deliver every day, 8am–9pm. Orders placed before 4pm arrive the same day; everything else arrives the next morning.", "category": "Delivery", "question": "What are your delivery times?"}, {"answer": "Tell us within 24 hours and we'll refund or replace it — no photos, no forms.", "category": "Returns", "question": "What if something arrives damaged?"}, {"answer": "No minimum. Orders over ₹499 ship free; below that a flat ₹29 delivery fee applies.", "category": "Orders", "question": "Is there a minimum order value?"}, {"answer": "Cards, UPI, net banking and cash on delivery — pick whatever's easiest at checkout.", "category": "Payments", "question": "Which payment methods do you accept?"}, {"answer": "Unopened packaged items can be returned within 7 days. Fresh items can be handed back at the doorstep on delivery.", "category": "Returns", "question": "Can I return packaged goods?"}], "heading": "Frequently asked questions", "subheading": "Delivery, returns, freshness — everything you might wonder about.", "show_filters": true}, "enabled": true}]	[{"id": "df7f52e7-666b-40a6-9b41-ffd7713b4121", "type": "faq_accordion", "style": {"padding_y": "md"}, "config": {"items": [{"answer": "We source from local farms and mills every morning, so most produce reaches you within a day of harvest. If anything isn't up to standard, we'll replace it free.", "category": "Orders", "question": "How fresh is the produce, really?"}, {"answer": "We deliver every day, 8am–9pm. Orders placed before 4pm arrive the same day; everything else arrives the next morning.", "category": "Delivery", "question": "What are your delivery times?"}, {"answer": "Tell us within 24 hours and we'll refund or replace it — no photos, no forms.", "category": "Returns", "question": "What if something arrives damaged?"}, {"answer": "No minimum. Orders over ₹499 ship free; below that a flat ₹29 delivery fee applies.", "category": "Orders", "question": "Is there a minimum order value?"}, {"answer": "Cards, UPI, net banking and cash on delivery — pick whatever's easiest at checkout.", "category": "Payments", "question": "Which payment methods do you accept?"}, {"answer": "Unopened packaged items can be returned within 7 days. Fresh items can be handed back at the doorstep on delivery.", "category": "Returns", "question": "Can I return packaged goods?"}], "heading": "Frequently asked questions", "subheading": "Delivery, returns, freshness — everything you might wonder about.", "show_filters": true}, "enabled": true}]	2026-07-13 20:26:17.313+00	634781f9-05e9-44f0-b41c-fd654679459d	634781f9-05e9-44f0-b41c-fd654679459d	2026-07-13 20:26:17.449651+00	2026-07-13 20:26:17.449651+00
a809aa84-37ac-4198-a9cb-6a739f068390	d657f87a-2caa-43fa-8978-1f78bb62abe8	delivery-returns	Delivery & Returns	published		Delivery slots, coverage and our returns promise.	f	[{"id": "506dfaab-e235-4962-87db-b292574ee331", "type": "rich_text", "config": {"html": "<h2>Delivery &amp; returns</h2><h3>Delivery</h3><p>We deliver every day, 8am–9pm. Orders placed before 4pm arrive the same day; everything else arrives next morning.</p><h3>Returns</h3><p>Fresh items can be returned at the doorstep. Packaged goods can be returned unopened within 7 days.</p>", "width": "contained"}, "enabled": true}]	[{"id": "506dfaab-e235-4962-87db-b292574ee331", "type": "rich_text", "config": {"html": "<h2>Delivery &amp; returns</h2><h3>Delivery</h3><p>We deliver every day, 8am–9pm. Orders placed before 4pm arrive the same day; everything else arrives next morning.</p><h3>Returns</h3><p>Fresh items can be returned at the doorstep. Packaged goods can be returned unopened within 7 days.</p>", "width": "contained"}, "enabled": true}]	2026-07-13 20:26:17.578+00	634781f9-05e9-44f0-b41c-fd654679459d	634781f9-05e9-44f0-b41c-fd654679459d	2026-07-13 20:26:17.708969+00	2026-07-13 20:26:17.708969+00
\.


ALTER TABLE public.store_pages ENABLE TRIGGER ALL;

--
-- Data for Name: store_payment_providers; Type: TABLE DATA; Schema: public; Owner: postgres
--

ALTER TABLE public.store_payment_providers DISABLE TRIGGER ALL;

COPY public.store_payment_providers (store_id, provider, key_id, key_secret_enc, enabled, created_at, updated_at) FROM stdin;
\.


ALTER TABLE public.store_payment_providers ENABLE TRIGGER ALL;

--
-- Data for Name: store_subscriptions; Type: TABLE DATA; Schema: public; Owner: postgres
--

ALTER TABLE public.store_subscriptions DISABLE TRIGGER ALL;

COPY public.store_subscriptions (store_id, plan, period, rzp_subscription_id, rzp_plan_id, status, current_start, current_end, mandate_max_paise, cancel_at_period_end, created_at, updated_at) FROM stdin;
156c8c4f-4aae-4bff-8f29-4ac24d4805f5	basic	monthly	sub_TD1Kd3Hx1bgU3P	plan_TCwE2Fv8R8DncN	created	2026-07-13 11:37:15+00	2026-08-12 18:30:00+00	1500000	f	2026-07-13 09:28:49.903007+00	2026-07-13 14:30:25.389+00
d657f87a-2caa-43fa-8978-1f78bb62abe8	basic	monthly	sub_TD7ObLHD6APVtD	plan_TCwE2Fv8R8DncN	active	2026-07-13 20:26:39+00	2026-08-13 18:30:00+00	1500000	f	2026-07-13 20:26:21.058099+00	2026-07-13 20:26:58.133+00
\.


ALTER TABLE public.store_subscriptions ENABLE TRIGGER ALL;

--
-- Data for Name: user_group_members; Type: TABLE DATA; Schema: public; Owner: postgres
--

ALTER TABLE public.user_group_members DISABLE TRIGGER ALL;

COPY public.user_group_members (group_id, user_id, added_by, added_at, store_id) FROM stdin;
\.


ALTER TABLE public.user_group_members ENABLE TRIGGER ALL;

--
-- Name: store_no_seq; Type: SEQUENCE SET; Schema: public; Owner: postgres
--

SELECT pg_catalog.setval('public.store_no_seq', 1003, true);


--
-- PostgreSQL database dump complete
--

\unrestrict ZzIXdjrjzmprlDIeoEFBs8vBfJyplrUuiRqppCBUK5aHa2mrxOaeIDyiHOTG7cD

